edge,n_iso,n_blocks,has_dupl,n_categories,majority_category,singleton,cat_entropy,n_nodes,min_length,max_length,mean_length,n_all_cores,core_left_length,core_right_length,transitive,nonempty_acc_len,nonempty_freq,pangenome_len
HUTOPWFGVH_f__WJBYSSJHSE_f,222,5,False,3,218,False,0.1003541361334248,11,18177,18954,18190.108108108107,218,16280.0,1699.0,False,727.5,0.018018018018018,1684.0
IZQZNHJQRQ_f__ZVPGGEJIIF_f,222,3,False,2,221,True,0.0288307285595615,5,11740,12517,11743.5,221,1530.0,10210.0,False,777.0,0.0045045045045045,768.0
JNLRGIQXOF_f__YQUHGDANHE_f,222,3,False,2,221,True,0.0288307285595615,5,28035,29472,28041.472972972973,221,23758.0,4277.0,False,1437.0,0.0045045045045045,1433.0
JMOMDSHCBS_r__SPDPCYMYDN_r,222,3,False,2,220,False,0.0513965054820117,5,7366,8143,7373.0,220,2781.0,4585.0,False,777.0,0.009009009009009,768.0
JKRDVEYDGL_f__OTPJRRWJRK_f,222,3,False,2,221,True,0.0288307285595615,5,10058,48233,10229.95945945946,221,7295.0,2763.0,False,38175.0,0.0045045045045045,37225.0
JJRRWBDVGH_f__TFKJQKVUKX_f,222,25,True,43,53,False,2.733902562892574,1097,19276,26672,25482.711711711712,0,13034.0,5124.0,False,7324.711711711711,1.0,10614.0
JJDDCMJGQE_r__ZUHGCANVTN_r,222,5,False,4,218,False,0.1089556789482195,19,19806,20583,19820.0,218,7419.0,11878.0,False,777.0,0.018018018018018,1286.0
JJDDCMJGQE_f__PJYKOTQZCQ_f,222,4,False,3,220,False,0.0576410746762455,11,10533,11309,10539.990990990991,220,7419.0,2677.0,False,776.0,0.009009009009009,1205.0
JHJVGMLICW_f__QHIDYNXVPV_f,222,3,False,2,221,True,0.0288307285595615,5,2644,3421,2647.5,221,1793.0,851.0,False,777.0,0.0045045045045045,768.0
JFSHRUDEUI_r__YWYSIZWCPS_r,222,3,False,2,221,True,0.0288307285595615,5,10616,13624,10629.549549549549,221,9458.0,1158.0,False,3008.0,0.0045045045045045,2971.0
JFSHRUDEUI_f__KKOJCLVXES_f,222,3,False,2,221,True,0.0288307285595615,5,28145,66285,28316.8018018018,221,9464.0,18681.0,False,38140.0,0.0045045045045045,38184.0
JDUTVQBTFB_r__OPCCUBTDFQ_r,222,3,False,2,221,True,0.0288307285595615,5,26415,27669,26420.64864864865,221,2279.0,24136.0,False,1254.0,0.0045045045045045,1250.0
JDUTVQBTFB_f__YOJVMARYCH_f,222,1,False,1,222,False,0.0,1,44037,44037,44037.0,222,44037.0,44037.0,True,,0.0,5354.0
JDTWTXSWTH_f__UMJDNWQKXC_f,222,5,False,4,109,False,0.7810121783049027,12,11215,12771,11330.518018018018,3,7211.0,4004.0,False,117.10045662100455,0.9864864864864864,1618.0
IZQZNHJQRQ_r__YPDDEPKACD_r,222,3,False,2,221,True,0.0288307285595615,5,2325,3102,2328.5,221,1530.0,795.0,False,777.0,0.0045045045045045,768.0
IZPPAJHCDB_r__YBWQKVQGZE_r,222,3,False,2,221,True,0.0288307285595615,5,19065,21605,19076.44144144144,221,6623.0,12442.0,False,2540.0,0.0045045045045045,2610.0
JPYVXRYZLU_f__UUBXUCAQCF_f,222,3,False,2,221,True,0.0288307285595615,5,21948,22725,21951.5,221,14002.0,7946.0,False,777.0,0.0045045045045045,768.0
IZPPAJHCDB_f__OOKLAQXFLW_f,222,7,False,5,207,False,0.2959581476227866,26,14788,18631,16006.608108108108,1,6538.0,,False,1224.1221719457014,0.9954954954954957,4424.0
IZBZUHLGQE_r__XIDWLBCHGM_r,222,3,False,2,221,True,0.0288307285595615,5,12586,13362,12589.495495495496,221,9969.0,2617.0,False,776.0,0.0045045045045045,768.0
IZBYPELCGF_r__RVYEEDGLQI_r,222,3,False,2,221,True,0.0288307285595615,5,14753,17293,14764.441441441442,221,2292.0,12461.0,False,2540.0,0.0045045045045045,2509.0
IZBYPELCGF_f__YNTFBMKXBV_f,222,4,False,3,220,False,0.0576410746762455,11,4170,4938,4176.918918918919,220,2292.0,1432.0,False,768.0,0.009009009009009,1214.0
IXLMXEMXWI_r__XRXZJDDTTM_r,222,3,False,2,218,False,0.0902219713655183,5,29822,30598,29835.981981981982,218,7219.0,22603.0,False,776.0,0.018018018018018,768.0
IWNOJXIDQP_r__KCBEPSEUCA_f,222,3,False,2,220,False,0.0513965054820117,5,14409,15186,14416.0,220,5153.0,9256.0,False,777.0,0.009009009009009,768.0
ITEMFVYTUE_r__JVDYVQZUBR_r,222,5,False,3,217,False,0.1189706108688592,10,4781,6613,5820.490990990991,0,1113.0,3448.0,False,1259.490990990991,1.0,2480.0
ITEMFVYTUE_f__PIVHURLJVP_f,222,5,False,3,220,False,0.0576410746762455,11,9165,16982,16430.481981981982,1,1095.0,8070.0,False,7298.357466063348,0.9954954954954957,7827.0
ISADOQMCVR_r__JKXDSPORHF_r,222,3,True,2,221,True,0.0288307285595615,7,7856,8204,7857.567567567567,0,5699.0,1809.0,False,349.56756756756755,1.0,377.0
ISADOQMCVR_f__QHGKDXJCDB_f,222,3,False,2,214,False,0.1551350415654555,5,20544,22385,20610.34234234234,214,5937.0,14607.0,False,1841.0,0.036036036036036,1841.0
IRXKDZITGA_r__UEFTCBAPAE_r,222,3,False,2,221,True,0.0288307285595615,5,37759,41813,37777.26126126127,221,6132.0,31627.0,False,4054.0,0.0045045045045045,4096.0
IRXHOEIDDO_r__PZQINYLZXQ_f,222,3,False,2,221,True,0.0288307285595615,5,25558,26335,25561.5,221,5833.0,19725.0,False,777.0,0.0045045045045045,768.0
SUTPFZJSZW_r__XWQYUUGDGN_r,222,4,False,3,220,False,0.0576410746762455,11,10401,11178,10408.0,220,8077.0,2076.0,False,777.0,0.009009009009009,1016.0
JNLRGIQXOF_r__LOWYZIKPDZ_f,222,3,False,3,219,False,0.0801863765077137,8,25087,26436,25105.22972972973,219,23762.0,1325.0,False,1349.0,0.0135135135135135,1340.0
JPYVXRYZLU_r__PTUQIACJXK_r,222,3,False,2,221,True,0.0288307285595615,5,15426,17966,15437.441441441442,221,14002.0,1424.0,False,2540.0,0.0045045045045045,2610.0
QXRGVLICMC_r__RQUTOCWADD_r,222,3,False,2,220,False,0.0513965054820117,5,4376,5153,4383.0,220,3586.0,790.0,False,777.0,0.009009009009009,768.0
SBTAELODZT_f__YYFLULYKQO_f,222,3,False,2,221,True,0.0288307285595615,5,7525,43625,7687.612612612613,221,3291.0,4234.0,False,36100.0,0.0045045045045045,35944.0
KPBYGJHRZJ_f__PTUISUDLZT_f,222,5,True,3,220,False,0.0576410746762455,15,10435,11969,10445.364864864863,220,7266.0,2287.0,False,1150.5,0.009009009009009,1659.0
KLARMMLEPU_r__WBEPREVZIH_f,222,5,False,3,210,False,0.2406799065898527,12,43535,45846,44181.09459459459,9,40087.0,3222.0,False,673.3943661971831,0.9594594594594594,2527.0
KLARMMLEPU_f__OJTZQVKWWG_r,222,3,False,2,220,False,0.0513965054820117,5,40781,42034,40792.28828828829,220,40095.0,686.0,False,1253.0,0.009009009009009,1250.0
KLALYXYDKQ_r__MEHHGHHPUN_r,222,3,False,2,221,True,0.0288307285595615,5,1961,2737,1964.495495495496,221,513.0,1448.0,False,776.0,0.0045045045045045,768.0
RYJVCTXEHC_r__STVEZQVFDI_r,222,3,False,2,220,False,0.0513965054820117,5,13876,14652,13882.990990990991,220,9148.0,4728.0,False,776.0,0.009009009009009,768.0
KKPYPKGMXA_f__VCAVVOUNDI_f,222,3,False,2,221,True,0.0288307285595615,5,11725,18065,11753.558558558558,221,6994.0,4731.0,False,6340.0,0.0045045045045045,4782.0
KJFGXXNSDH_r__RVYEEDGLQI_f,222,3,False,2,221,True,0.0288307285595615,5,16956,19496,16967.441441441442,221,4495.0,12461.0,False,2540.0,0.0045045045045045,2509.0
RYLMYMEVBL_f__WFTVPHITVT_f,222,3,False,2,221,True,0.0288307285595615,5,16595,17372,16598.5,221,4311.0,12284.0,False,777.0,0.0045045045045045,768.0
RYTHIAUQXY_f__YELGYGVCLQ_f,222,3,False,2,221,True,0.0288307285595615,5,12762,13834,12766.82882882883,221,2230.0,10532.0,False,1072.0,0.0045045045045045,1070.0
RYYAQMEJGY_f__XKJZBXCDPZ_f,222,7,True,5,143,False,0.9305555720395248,26,10639,16028,11955.567567567568,0,,3407.0,False,1608.5675675675675,1.0,5277.0
RZMPAZJQBO_r__TQBHYEMDFE_r,222,3,False,2,221,True,0.0288307285595615,5,18619,19396,18622.5,221,17844.0,775.0,False,777.0,0.0045045045045045,768.0
SAMESKIMAJ_r__UZIELDGMRQ_r,222,3,False,2,221,True,0.0288307285595615,5,1536,2312,1539.4954954954956,221,1012.0,524.0,False,776.0,0.0045045045045045,768.0
KGWWUZQEKD_r__UXLELLOQVR_r,222,3,True,6,167,False,0.8664727941437753,34,38653,39463,38906.58108108108,0,33513.0,5005.0,False,388.5810810810811,1.0,334.0
SFNIQHXIST_f__YSKQIEWBCG_f,222,6,False,3,204,False,0.2987985278489649,12,15489,20258,15793.585585585586,0,5412.0,8351.0,False,2030.5855855855852,1.0,8219.0
JSJIXCXPII_f__QQTMQNQWDS_r,222,5,False,3,220,False,0.0576410746762455,13,7991,8757,7996.878378378378,0,2317.0,5171.0,False,232.8783783783784,1.0,1262.0
SFNIQHXIST_r__TJOBMLQRFA_r,222,32,False,12,143,False,1.0519568077173893,184,14815,26985,22791.03603603604,0,5412.0,6318.0,False,11061.036036036036,1.0,37299.0
SHLDLTAVZA_r__SVIVJSLGHF_r,222,3,False,2,221,True,0.0288307285595615,5,34112,34889,34115.5,221,1539.0,32573.0,False,777.0,0.0045045045045045,768.0
SIHIJVBWQQ_r__YHLTNASHXN_r,222,3,False,2,221,True,0.0288307285595615,5,7000,7777,7003.5,221,1013.0,5987.0,False,777.0,0.0045045045045045,768.0
SKOEJARTYD_r__WOIFFBRCTD_f,222,3,False,2,221,True,0.0288307285595615,5,24340,25678,24346.027027027027,221,23389.0,951.0,False,1338.0,0.0045045045045045,1329.0
KDNDVPYXTO_f__WXGURNWKVZ_f,222,6,False,4,217,False,0.1291027756367657,19,15940,18480,15965.441441441442,217,8380.0,6289.0,False,1129.6,0.0225225225225225,4547.0
KCBEPSEUCA_f__RPRBRFQSUF_f,222,5,False,3,220,False,0.0576410746762455,12,12157,14179,12523.855855855856,1,9254.0,2570.0,False,368.5158371040724,0.9954954954954957,2348.0
KBLPANZOCZ_f__SQNSKWKRZK_f,222,4,False,3,220,False,0.0576410746762455,8,7413,45754,7590.531531531532,220,6330.0,1083.0,False,19706.0,0.009009009009009,37851.0
KAIPBNCIHR_r__WXCHSHHCDT_f,222,169,True,29,148,False,1.4506405142350671,1544,4105,52322,17656.315315315314,148,2324.0,1528.0,False,40653.94594594595,0.3333333333333333,178021.0
KAIPBNCIHR_f__ZWPXXGKXGL_r,222,5,False,3,220,False,0.0576410746762455,11,3119,4372,3128.1441441441443,220,2324.0,573.0,False,1015.0,0.009009009009009,2235.0
JVNRLCFAVD_r__WOIFFBRCTD_r,222,4,False,3,219,False,0.0801863765077137,8,5918,8458,5930.369369369369,219,,960.0,False,915.3333333333334,0.0135135135135135,2610.0
SOPFFTTIKI_r__XPVMPHROHI_r,222,6,False,3,219,False,0.0801863765077137,13,16648,71848,16951.432432432433,219,3450.0,12947.0,False,22454.0,0.0135135135135135,58546.0
STVEZQVFDI_r__XWBZCZLFKX_r,222,3,False,2,221,True,0.0288307285595615,5,7070,8272,7075.414414414415,221,4732.0,2338.0,False,1202.0,0.0045045045045045,1202.0
STWSZJXKDU_f__TBXDQEZMBI_f,222,4,False,3,200,False,0.3414231273596703,8,3253,31904,5966.725225225226,200,2381.0,872.0,False,27383.954545454544,0.0990990990990991,29419.0
IOOFKXBSGN_r__WGHTAJLAAQ_r,222,4,False,3,219,False,0.0801863765077137,11,8344,9120,8354.486486486487,219,1900.0,6164.0,False,776.0,0.0135135135135135,1049.0
IOOFKXBSGN_f__JFTSMYGWDT_f,222,9,True,16,53,False,2.0526965185852264,154,3667,5881,5028.121621621622,0,1908.0,1229.0,False,1891.1216216216217,1.0,2174.0
INKPVVPGWC_r__WPHCKAWLWJ_r,222,8,False,6,216,False,0.1664321997961553,37,8272,12388,9366.774774774774,0,2051.0,5450.0,False,1865.7747747747749,1.0,5644.0
HHRCVCXKIA_r__TJDPHITKZG_r,222,3,False,2,219,False,0.071584833692919,5,15398,16175,15408.5,219,13363.0,2035.0,False,777.0,0.0135135135135135,768.0
HNSDVUFIXW_r__YJSEGEHASG_r,222,3,False,2,221,True,0.0288307285595615,5,59754,60531,59757.5,221,1497.0,58257.0,False,777.0,0.0045045045045045,768.0
HNSDVUFIXW_f__VZUPNYKAKQ_f,222,3,False,2,221,True,0.0288307285595615,5,7952,9384,7958.45045045045,221,1496.0,6456.0,False,1432.0,0.0045045045045045,1432.0
HNIWKGNLBM_r__VSATFZMIKW_f,222,3,False,2,221,True,0.0288307285595615,5,11610,12387,11613.5,221,9335.0,2275.0,False,777.0,0.0045045045045045,768.0
HMHDANERBU_r__IZBZUHLGQE_r,222,7,True,12,191,False,0.7191944033837441,66,12024,12588,12413.67117117117,0,1744.0,10047.0,False,622.6711711711712,1.0,1049.0
HMHDANERBU_f__JYWYLUXXVS_r,222,3,False,2,221,True,0.0288307285595615,5,19244,20020,19247.495495495496,221,1736.0,17508.0,False,776.0,0.0045045045045045,768.0
HMGOSWQWLP_r__SHLDLTAVZA_r,222,12,True,7,212,False,0.2511301755991391,96,22268,26414,23697.297297297297,0,19489.0,1548.0,False,2315.297297297297,1.0,4947.0
HMGOSWQWLP_f__MEHCNXCRXO_f,222,3,False,2,221,True,0.0288307285595615,5,23585,36534,23643.328828828828,221,19489.0,4096.0,False,12949.0,0.0045045045045045,12949.0
HLZGFRDRSW_r__SYQZDBITDR_r,222,4,False,2,221,True,0.0288307285595615,6,40106,40262,40106.7027027027,0,38605.0,889.0,False,612.7027027027027,1.0,1380.0
HLLLVEXLHF_r__NBVDTPUFKL_f,222,12,False,6,166,False,0.7001039642969142,38,21943,56285,23068.166666666668,0,3592.0,9290.0,False,9827.166666666666,1.0,59792.0
HLDRILYIZH_r__YSKQIEWBCG_r,222,4,False,2,221,True,0.0288307285595615,6,10986,11060,11059.666666666666,0,1868.0,8351.0,False,840.6666666666666,1.0,1609.0
HLDRILYIZH_f__XNYZXWCUST_f,222,7,False,6,94,False,1.4482214215467886,27,4950,5403,5219.995495495496,18,1853.0,2815.0,False,293.8186274509804,0.918918918918919,866.0
HKKMVAAVLK_r__KJFGXXNSDH_r,222,3,False,2,221,True,0.0288307285595615,5,6698,30232,6804.009009009009,221,2198.0,4500.0,False,23534.0,0.0045045045045045,21395.0
HKKMVAAVLK_f__YXFAUSIPGJ_r,222,3,False,2,173,False,0.5278186410815746,5,4745,4863,4771.045045045045,173,2115.0,2630.0,False,118.0,0.2207207207207207,236.0
HHRCVCXKIA_f__NDFRQBCFCG_f,222,3,False,2,221,True,0.0288307285595615,5,27130,64376,27297.77477477477,221,13380.0,13750.0,False,37246.0,0.0045045045045045,35858.0
INKPVVPGWC_f__RPKQPTEKVL_f,222,3,False,2,221,True,0.0288307285595615,5,14738,15991,14743.644144144144,221,2051.0,12687.0,False,1253.0,0.0045045045045045,1250.0
HGLZELNDVS_r__ZEJJQGEZHP_r,222,3,False,2,221,True,0.0288307285595615,5,3803,4579,3806.495495495496,221,2428.0,1375.0,False,776.0,0.0045045045045045,768.0
HGLZELNDVS_f__OCLLBLOTSW_f,222,3,False,2,221,True,0.0288307285595615,5,3538,4315,3541.5,221,2430.0,1108.0,False,777.0,0.0045045045045045,768.0
HGEIMZYRCU_r__SDWAYYASVR_r,222,3,False,2,221,True,0.0288307285595615,5,21935,23596,21942.481981981982,221,18220.0,3715.0,False,1661.0,0.0045045045045045,1656.0
HGEIMZYRCU_f__LMHHHLNVVA_f,222,3,False,2,221,True,0.0288307285595615,5,18880,19657,18883.5,221,18230.0,650.0,False,777.0,0.0045045045045045,768.0
TONPLIFLWF_r__YRROIHFKBD_r,222,3,False,2,221,True,0.0288307285595615,5,46844,49384,46855.44144144144,221,6588.0,40256.0,False,2540.0,0.0045045045045045,2610.0
TYNDBFDKGO_r__YELGYGVCLQ_r,222,3,False,2,221,True,0.0288307285595615,5,14521,15297,14524.495495495496,221,3980.0,10541.0,False,776.0,0.0045045045045045,768.0
UEFTCBAPAE_r__WHVMROPOZM_r,222,3,False,2,221,True,0.0288307285595615,5,41988,83863,42176.62612612613,221,31606.0,10382.0,False,41875.0,0.0045045045045045,41955.0
HEDBBNUKLU_r__VSCDQDGRHO_r,222,37,False,37,96,False,2.045732508388739,992,8109,38252,22675.8963963964,0,2044.0,1082.0,False,17473.896396396398,1.0,49393.0
HEBBNFDQZB_r__IOAGCZFIPS_f,222,7,True,8,181,False,0.8166800716399496,40,17260,17777,17660.599099099098,0,8859.0,8187.0,False,614.5990990990991,1.0,896.0
HEBBNFDQZB_f__QQTMQNQWDS_f,222,3,False,2,221,True,0.0288307285595615,5,14107,17151,14120.711711711712,221,8936.0,5171.0,False,3044.0,0.0045045045045045,3033.0
HCFXQUVBMJ_f__YXFAUSIPGJ_f,222,3,False,2,221,True,0.0288307285595615,5,4818,5890,4822.828828828829,221,2274.0,2544.0,False,1072.0,0.0045045045045045,1070.0
HAEXIMTKOL_r__PHPNFXNTAW_r,222,3,False,2,221,True,0.0288307285595615,5,4231,5008,4234.5,221,1809.0,2422.0,False,777.0,0.0045045045045045,768.0
HAEXIMTKOL_f__WOHPWXHUSI_f,222,1,False,1,222,False,0.0,1,12072,12072,12072.0,222,12072.0,12072.0,True,,0.0,492.0
HOIZZDAEJL_f__VGYXZAWOLD_f,222,1,False,1,222,False,0.0,1,29541,29541,29541.0,222,29541.0,29541.0,True,,0.0,1186.0
TLVFRBMGBC_r__YUMHUOWTXQ_f,222,47,False,6,217,False,0.1439488876457942,131,9794,47771,10630.450450450451,217,1681.0,8113.0,False,37138.4,0.0225225225225225,66904.0
TKVTTLAACL_f__ZIFDFWWRCE_r,222,3,False,2,221,True,0.0288307285595615,5,6545,7321,6548.495495495496,221,6027.0,518.0,False,776.0,0.0045045045045045,768.0
HUIGUZLHBJ_r__YRROIHFKBD_f,222,3,False,2,221,True,0.0288307285595615,5,41244,41852,41849.26126126127,1,988.0,40256.0,False,608.0,0.9954954954954957,608.0
IMAMHFLCWS_f__RKAOKULCFF_f,222,12,True,10,166,False,0.8028452091342896,101,20891,30607,27048.6036036036,0,9975.0,8618.0,False,8455.603603603604,1.0,11952.0
ILYDRBOPRK_r__JRRJHZVADX_r,222,10,True,18,141,False,1.3823744667330673,145,6684,11146,7104.941441441441,0,1451.0,4456.0,False,1197.9414414414414,1.0,5384.0
ILYDRBOPRK_f__ULVIPOHWTC_f,222,4,False,3,216,False,0.1364281673589904,8,3475,4303,3481.2297297297296,216,,2055.0,False,230.5,0.027027027027027,820.0
IIFSSHHHUK_r__TFKJQKVUKX_r,222,3,False,2,221,True,0.0288307285595615,5,10976,12285,10981.896396396396,221,5852.0,5124.0,False,1309.0,0.0045045045045045,1309.0
IIFSSHHHUK_f__RJJWLWHZAS_f,222,12,True,8,215,False,0.2013837960729664,75,10814,63689,12085.31081081081,0,5820.0,3695.0,False,2361.310810810811,1.0,57444.0
SXLMEITLHA_f__ZKKSOYXZSQ_f,222,5,False,3,218,False,0.1003541361334248,11,8202,72528,9330.351351351352,218,1762.0,6440.0,False,62623.5,0.018018018018018,65482.0
SXOFMAMNHV_r__YKRBMZRPTW_r,222,3,False,2,221,True,0.0288307285595615,5,6545,7319,6548.486486486487,221,5996.0,549.0,False,774.0,0.0045045045045045,766.0
IHKFSQQUKE_f__OSWZJWLTWJ_f,222,8,True,5,218,False,0.1152002481424533,37,20547,58708,20796.72972972973,0,716.0,4106.0,False,15974.72972972973,1.0,53680.0
IHERCMJOSU_f__JJRRWBDVGH_f,222,3,False,2,199,False,0.3329295121130703,5,26446,27892,26595.81081081081,199,13414.0,13032.0,False,1446.0,0.1036036036036036,1442.0
SYQZDBITDR_r__WDPQHEJPPO_r,222,5,False,3,219,False,0.0801863765077137,11,10257,31682,10523.644144144144,219,889.0,9368.0,False,19731.666666666668,0.0135135135135135,21394.0
TBXDQEZMBI_f__TKVTTLAACL_f,222,3,False,2,221,True,0.0288307285595615,5,6891,7668,6894.5,221,863.0,6028.0,False,777.0,0.0045045045045045,768.0
TJDPHITKZG_r__UMJDNWQKXC_r,222,3,False,2,221,True,0.0288307285595615,5,5990,6818,5993.72972972973,221,2026.0,3964.0,False,828.0,0.0045045045045045,820.0
IFRPFFEGON_f__LSBXOCNNHO_f,222,3,False,2,221,True,0.0288307285595615,5,4258,6798,4269.441441441441,221,3271.0,987.0,False,2540.0,0.0045045045045045,2509.0
IECMBOPPYU_f__RXNPYLXNHX_f,222,3,False,2,221,True,0.0288307285595615,5,1937,2714,1940.5,221,1292.0,645.0,False,777.0,0.0045045045045045,768.0
IDVMNNRNJQ_r__UUBXUCAQCF_r,222,3,False,2,221,True,0.0288307285595615,5,11895,12672,11898.5,221,3949.0,7946.0,False,777.0,0.0045045045045045,768.0
IDVMNNRNJQ_f__PIDFVIHRFN_r,222,4,False,3,220,False,0.0576410746762455,9,8888,10995,9659.563063063064,1,3852.0,5036.0,False,775.0542986425339,0.9954954954954957,2091.0
IDAZXSKCHH_f__TWATEWRZLR_f,222,3,False,2,221,True,0.0288307285595615,5,5737,6513,5740.495495495496,221,918.0,4819.0,False,776.0,0.0045045045045045,768.0
IAOFBOJKOX_f__NSJRIJGVOG_r,222,7,False,5,217,False,0.1377043184515604,28,16365,17703,16381.081081081082,0,5514.0,9950.0,False,436.0810810810811,1.0,2998.0
IANJWCNSRC_r__VZUPNYKAKQ_r,222,3,False,2,221,True,0.0288307285595615,5,8584,9893,8589.896396396396,221,844.0,7740.0,False,1309.0,0.0045045045045045,2586.0
IANJWCNSRC_f__YXSCHJRBEK_f,222,1,False,1,222,False,0.0,1,9221,9221,9221.0,222,9221.0,9221.0,True,,0.0,645.0
IAMXLIYGOQ_r__WXGURNWKVZ_r,222,6,False,3,169,False,0.5719676693126685,13,13884,15137,13987.085585585586,0,6576.0,6292.0,False,730.0855855855856,1.0,3312.0
IAAEMJLVAI_f__SXLMEITLHA_f,222,3,False,2,221,True,0.0288307285595615,5,3710,6775,3723.8063063063055,221,1953.0,1757.0,False,3065.0,0.0045045045045045,3033.0
HXXODERGHH_r__NHKCAMVGSA_r,222,3,False,2,221,True,0.0288307285595615,5,25398,27204,25406.135135135137,221,6674.0,18724.0,False,1806.0,0.0045045045045045,1769.0
HUTOPWFGVH_r__XTIATMKKQL_r,222,3,False,2,221,True,0.0288307285595615,5,17997,18774,18000.5,221,16280.0,1717.0,False,777.0,0.0045045045045045,768.0
TJJBZTAYLC_f__YVEVUPDYEE_f,222,3,False,2,221,True,0.0288307285595615,5,21230,22006,21233.495495495496,221,12386.0,8844.0,False,776.0,0.0045045045045045,768.0
HUOLOAHNMF_r__IECMBOPPYU_f,222,3,False,2,221,True,0.0288307285595615,5,2263,3040,2266.5,221,980.0,1283.0,False,777.0,0.0045045045045045,768.0
HUOLOAHNMF_f__NFUBAVIKFJ_r,222,3,False,2,221,True,0.0288307285595615,5,1771,2547,1774.4954954954956,221,988.0,783.0,False,776.0,0.0045045045045045,768.0
RTZVEJWRIR_r__UHYGUNDBFL_r,222,3,False,2,162,False,0.5835274717778098,5,13361,14073,13880.567567567568,60,11981.0,1380.0,False,712.0,0.7297297297297297,713.0
KSXZRIJFEH_r__SIHIJVBWQQ_r,222,3,False,2,221,True,0.0288307285595615,5,8054,46259,8226.094594594595,221,7038.0,1016.0,False,38205.0,0.0045045045045045,36834.0
KUDTBWWBJE_f__YSEMYTMKWD_f,222,4,False,2,221,True,0.0288307285595615,6,6803,7061,6804.1621621621625,0,4952.0,1341.0,False,511.1621621621622,1.0,1278.0
OBEJYXNUDN_r__ZTHKZYHPIX_r,222,7,False,4,151,False,0.8413041839652372,21,11333,30457,12990.585585585586,0,3546.0,5701.0,False,3636.5855855855857,1.0,23987.0
OURQVJZAZZ_f__UTYAQKFQDH_f,222,4,False,2,201,False,0.3130410858719816,6,2213,2727,2678.3783783783783,0,640.0,806.0,False,1232.3783783783783,1.0,2050.0
OUOJHXPPLZ_r__WVXKPXNUHD_r,222,3,False,2,221,True,0.0288307285595615,5,34786,37762,34799.40540540541,221,9124.0,25662.0,False,2976.0,0.0045045045045045,2971.0
OUOJHXPPLZ_f__XTIATMKKQL_f,222,3,False,2,221,True,0.0288307285595615,5,10836,60151,11058.13963963964,221,9123.0,1713.0,False,49315.0,0.0045045045045045,49024.0
OSURYAORCR_r__XXVQEZNBQB_f,222,3,False,2,221,True,0.0288307285595615,5,14247,16777,14258.396396396396,221,6306.0,7941.0,False,2530.0,0.0045045045045045,2509.0
OSURYAORCR_f__RVLRLPDSYQ_r,222,5,False,4,219,False,0.0864309457019475,15,11659,12997,11672.027027027028,219,6307.0,5241.0,False,964.0,0.0135135135135135,2259.0
ORYIQTMOCW_f__QCVLIGSQQB_f,222,3,False,2,221,True,0.0288307285595615,5,4554,5382,4557.72972972973,221,3213.0,1341.0,False,828.0,0.0045045045045045,820.0
OLUEEZMVIH_r__PWDSOBLBPO_r,222,5,False,3,220,False,0.0576410746762455,11,20052,23799,20073.707207207208,220,5837.0,14011.0,False,2409.5,0.009009009009009,5016.0
OJTZQVKWWG_r__UEAYJKMKRY_r,222,3,False,2,221,True,0.0288307285595615,5,5279,6056,5282.5,221,680.0,4599.0,False,777.0,0.0045045045045045,768.0
OHDZQPGPWN_f__YVITOTFSEE_f,222,4,False,3,218,False,0.1003541361334248,11,4461,5238,4475.0,218,2880.0,1316.0,False,777.0,0.018018018018018,984.0
OEVZKEMGLO_r__SQNSKWKRZK_r,222,5,False,3,220,False,0.0576410746762455,12,5159,15371,14563.918918918918,0,3308.0,1083.0,False,10172.918918918918,1.0,10980.0
OEVZKEMGLO_f__UXLELLOQVR_f,222,6,False,4,219,False,0.0864309457019475,16,8226,14704,13906.288288288288,1,3308.0,,False,5705.990950226244,0.9954954954954957,6470.0
ODKXGAOIUQ_r__RZMPAZJQBO_r,222,3,False,2,220,False,0.0513965054820117,5,25017,25793,25023.99099099099,220,7182.0,17835.0,False,776.0,0.009009009009009,768.0
ODKXGAOIUQ_f__YNFGSNJILT_f,222,3,False,2,221,True,0.0288307285595615,5,18180,18957,18183.5,221,7182.0,10998.0,False,777.0,0.0045045045045045,768.0
OBEJYXNUDN_f__TJOBMLQRFA_f,222,3,False,2,221,True,0.0288307285595615,5,9863,10640,9866.5,221,3546.0,6317.0,False,777.0,0.0045045045045045,768.0
NHYPOXAZSV_r__NNMCFJQNVX_r,222,3,False,2,221,True,0.0288307285595615,5,11169,12368,11174.4009009009,221,4818.0,6351.0,False,1199.0,0.0045045045045045,1195.0
NZXBIFMPMA_r__WFHRDCDOMG_r,222,3,False,2,221,True,0.0288307285595615,5,4471,5248,4474.5,221,3765.0,706.0,False,777.0,0.0045045045045045,768.0
NXMETPNVGP_r__YOCIMVGHSL_r,222,3,False,2,214,False,0.1551350415654555,5,3319,4096,3347.0,214,2506.0,813.0,False,777.0,0.036036036036036,768.0
NXMETPNVGP_f__WYYPRCOBHQ_r,222,6,False,4,219,False,0.0864309457019475,22,4611,15724,14907.441441441442,0,2526.0,852.0,False,11073.441441441442,1.0,12328.0
NXDMMBMCUJ_r__UPOMFHGEIC_r,222,3,False,2,221,True,0.0288307285595615,5,1627,2404,1630.5,221,643.0,984.0,False,777.0,0.0045045045045045,768.0
NWCEHPYUOF_r__RXNPYLXNHX_r,222,3,False,2,221,True,0.0288307285595615,5,1855,2632,1858.5,221,1201.0,654.0,False,777.0,0.0045045045045045,768.0
NSJRIJGVOG_r__QHGKDXJCDB_r,222,3,False,2,221,True,0.0288307285595615,5,24557,54629,24692.45945945946,221,10002.0,14555.0,False,30072.0,0.0045045045045045,30244.0
NRUWWZSIIO_r__URGBYGHEXB_r,222,3,False,2,221,True,0.0288307285595615,5,5418,42990,5587.243243243243,221,4895.0,523.0,False,37572.0,0.0045045045045045,35692.0
NRUWWZSIIO_f__YQUHGDANHE_r,222,6,False,4,168,False,0.5995664723858753,13,9232,14125,9404.81981981982,0,4887.0,4242.0,False,275.8198198198198,1.0,5959.0
NPQDSPAYII_r__PNGMFIQRPL_r,222,3,False,2,221,True,0.0288307285595615,5,23295,25835,23306.44144144144,221,12221.0,11074.0,False,2540.0,0.0045045045045045,2509.0
NPQDSPAYII_f__VJEJDHVKTM_f,222,3,False,2,221,True,0.0288307285595615,5,17471,18183,17474.207207207208,221,12230.0,5241.0,False,712.0,0.0045045045045045,713.0
NOAJDCSIVA_f__NZXBIFMPMA_r,222,5,False,5,112,False,1.0846478572470062,21,22389,24606,23349.67117117117,81,18456.0,3756.0,False,1512.54609929078,0.6351351351351351,2392.0
NNMCFJQNVX_r__VFXLTFSKTV_f,222,3,False,2,221,True,0.0288307285595615,5,8687,9464,8690.5,221,6341.0,2346.0,False,777.0,0.0045045045045045,768.0
NKVSUZGURN_f__ZLLQQUXUIP_f,222,9,False,3,220,False,0.0576410746762455,16,12586,24038,12687.86936936937,220,7907.0,4679.0,False,11307.5,0.009009009009009,12741.0
OWCPAELREV_f__URGBYGHEXB_f,222,6,False,3,167,False,0.5823615927368339,12,4403,22069,5267.175675675676,0,3559.0,547.0,False,1161.1756756756756,1.0,17349.0
OWCPAELREV_r__YGYJJNMGPS_r,222,4,False,3,168,False,0.577220535214577,8,6095,6242,6121.684684684685,168,3556.0,2539.0,False,109.70370370370372,0.2432432432432432,145.0
OZLYYMOKWU_f__PCDWLGUYCB_f,222,3,False,3,219,False,0.0801863765077137,8,3758,4575,3769.040540540541,219,1004.0,2754.0,False,817.0,0.0135135135135135,768.0
PHPNFXNTAW_r__XXVMWZCEKI_r,222,7,False,5,159,False,0.6656663823842487,20,14232,18243,16587.891891891893,0,2422.0,11700.0,False,2465.891891891892,1.0,4339.0
QTNOMKLZAU_r__YMOQOUYRSV_r,222,4,False,4,218,False,0.1089556789482195,15,13864,14670,13878.522522522522,218,8716.0,5007.0,False,806.0,0.018018018018018,768.0
QTNOMKLZAU_f__ZZSDXSBTYG_f,222,4,False,3,218,False,0.1003541361334248,9,21629,22842,21772.923423423425,3,,12913.0,False,145.89497716894977,0.9864864864864864,1070.0
QSECVMMRIA_r__ZIFDFWWRCE_f,222,5,False,4,169,False,0.6101533843293668,16,1970,5033,2178.162162162162,169,1216.0,526.0,False,871.9245283018868,0.2387387387387387,3270.0
QQXNMUYDNS_r__ZFYFAGFPQE_r,222,3,False,2,221,True,0.0288307285595615,5,29409,30185,29412.495495495496,221,14570.0,14839.0,False,776.0,0.0045045045045045,768.0
QQLFXKORNH_r__TUJRNXXQZV_r,222,3,False,2,221,True,0.0288307285595615,5,8261,8369,8368.513513513513,1,6735.0,1526.0,False,108.0,0.9954954954954957,108.0
QOZGCUDAAI_f__ZKNDLZPYCI_f,222,3,False,2,221,True,0.0288307285595615,5,12206,12983,12209.5,221,10679.0,1527.0,False,777.0,0.0045045045045045,768.0
QNVVEFTBVQ_r__TLVFRBMGBC_r,222,11,False,6,217,False,0.1439488876457942,43,18192,55864,18647.207207207208,0,1695.0,3924.0,False,1223.2072072072071,1.0,54575.0
QLKLQMYUEK_r__YMOQOUYRSV_f,222,3,False,2,221,True,0.0288307285595615,5,6429,7205,6432.495495495496,221,1422.0,5007.0,False,776.0,0.0045045045045045,768.0
QLKLQMYUEK_f__SVGDCUWZRJ_f,222,3,False,2,221,True,0.0288307285595615,5,69127,69289,69288.27027027027,1,1422.0,67705.0,False,162.0,0.9954954954954957,162.0
RKAOKULCFF_f__VFXLTFSKTV_r,222,142,True,27,151,False,1.3931479664436914,722,21028,106399,45540.04054054054,0,8665.0,2336.0,False,34539.04054054054,1.0,240136.0
QJRASUKHLX_f__TCWDRAKLPS_f,222,5,False,4,215,False,0.1651351944415677,15,3740,6447,3802.545045045045,215,1339.0,2088.0,False,1983.571428571429,0.0315315315315315,4882.0
QHIDYNXVPV_f__QXRGVLICMC_r,222,3,False,2,221,True,0.0288307285595615,5,4427,5499,4431.828828828829,221,851.0,3576.0,False,1072.0,0.0045045045045045,1070.0
QBLLBRLBSY_r__YSEMYTMKWD_r,222,3,False,2,221,True,0.0288307285595615,5,4518,5308,4521.558558558559,221,3186.0,1332.0,False,790.0,0.0045045045045045,768.0
QBLLBRLBSY_f__WVXKPXNUHD_f,222,1,False,1,222,False,0.0,1,34273,34273,34273.0,222,34273.0,34273.0,True,,0.0,5354.0
RNYSWPAVAU_r__SKOEJARTYD_r,222,3,True,4,203,False,0.3381344644739046,14,39717,40035,39921.36036036036,1,16337.0,23380.0,False,205.2850678733032,0.9954954954954957,319.0
RPKQPTEKVL_f__TJTLWATQFF_r,222,3,False,2,221,True,0.0288307285595615,5,14524,15301,14527.5,221,12678.0,1846.0,False,777.0,0.0045045045045045,768.0
PUSHEQNFCL_r__WFTVPHITVT_r,222,3,False,2,221,True,0.0288307285595615,5,12854,13284,13282.063063063064,1,578.0,12276.0,False,430.0,0.9954954954954957,430.0
PTUQIACJXK_r__XDZOAXPBLI_r,222,3,False,2,221,True,0.0288307285595615,5,5970,6747,5973.5,221,1415.0,4555.0,False,777.0,0.0045045045045045,768.0
PTQCXBETCD_r__YXSCHJRBEK_r,222,4,False,3,220,False,0.0576410746762455,11,10205,10982,10212.0,220,2146.0,7724.0,False,777.0,0.009009009009009,1094.0
PNGMFIQRPL_r__XKCACMGLJG_f,222,3,False,2,220,False,0.0513965054820117,5,37567,38343,37573.99099099099,220,11057.0,26510.0,False,776.0,0.009009009009009,768.0
RPRBRFQSUF_f__ZBZDOJCZKQ_f,222,3,True,2,221,True,0.0288307285595615,7,8042,8531,8044.2027027027025,0,2566.0,4987.0,False,491.2027027027027,1.0,489.0
RQUTOCWADD_r__TFLHNUOVEU_r,222,3,False,2,221,True,0.0288307285595615,5,11212,11988,11215.495495495496,221,791.0,10421.0,False,776.0,0.0045045045045045,768.0
PLBKKTRTJE_r__YFJXDRHGLL_r,222,3,False,2,221,True,0.0288307285595615,5,12552,13624,12556.82882882883,221,10448.0,2104.0,False,1072.0,0.0045045045045045,1070.0
PLBKKTRTJE_f__WYYPRCOBHQ_f,222,3,False,2,221,True,0.0288307285595615,5,11305,12081,11308.495495495496,221,10444.0,861.0,False,776.0,0.0045045045045045,768.0
PJYKOTQZCQ_f__XNUJCMVIGS_f,222,1,False,1,222,False,0.0,1,6529,6529,6529.0,222,6529.0,6529.0,True,,0.0,1164.0
PICWJBPWDZ_r__SEDXXNCRYL_r,222,3,False,2,221,True,0.0288307285595615,5,18407,19184,18410.5,221,6035.0,12372.0,False,777.0,0.0045045045045045,768.0
PICWJBPWDZ_f__ZLAJFQLBFQ_f,222,3,False,2,221,True,0.0288307285595615,5,6699,7476,6702.5,221,6035.0,664.0,False,777.0,0.0045045045045045,768.0
NHYWGMABYN_f__TFLHNUOVEU_f,222,5,False,3,219,False,0.0801863765077137,11,20477,61561,24122.65765765766,2,10065.0,10412.0,False,3678.8,0.990990990990991,39458.0
NHYPOXAZSV_f__TUJRNXXQZV_f,222,3,False,2,221,True,0.0288307285595615,5,6339,42159,6500.351351351352,221,4822.0,1517.0,False,35820.0,0.0045045045045045,35667.0
KUDTBWWBJE_r__NBVDTPUFKL_r,222,3,False,2,221,True,0.0288307285595615,5,14258,15035,14261.5,221,4944.0,9314.0,False,777.0,0.0045045045045045,768.0
LBNAYIUADV_f__UZPMAGGISX_f,222,3,False,2,220,False,0.0513965054820117,5,21216,24719,21247.55855855856,220,8296.0,12920.0,False,3503.0,0.009009009009009,3486.0
LPUDKVLVUB_r__XISLAJEPQB_r,222,3,False,2,221,True,0.0288307285595615,5,25044,25820,25047.495495495496,221,4139.0,20905.0,False,776.0,0.0045045045045045,768.0
LODCSSRYYQ_r__QQZHEZDFNF_r,222,4,False,3,220,False,0.0576410746762455,11,5262,6038,5268.990990990991,220,3510.0,1364.0,False,776.0,0.009009009009009,1147.0
LODCSSRYYQ_f__PUGROJSRNQ_r,222,3,False,2,221,True,0.0288307285595615,5,7568,8345,7571.5,221,3510.0,4058.0,False,777.0,0.0045045045045045,768.0
LNBURBEGYE_r__NFZHJZUNUE_r,222,3,False,2,219,False,0.071584833692919,5,3755,4532,3765.5,219,2927.0,828.0,False,777.0,0.0135135135135135,768.0
LMHHHLNVVA_f__TEQWAIXLNE_f,222,3,False,2,221,True,0.0288307285595615,5,1367,2144,1370.5,221,651.0,716.0,False,777.0,0.0045045045045045,768.0
LGOKMQPFVQ_f__XNYZXWCUST_r,222,95,False,10,209,False,0.3434902990224859,364,7615,57810,10298.36936936937,209,4820.0,2795.0,False,45823.69230769231,0.0585585585585585,163210.0
LGHIOJDCCR_r__VRVWQAMLYI_r,222,3,False,2,221,True,0.0288307285595615,5,10947,49595,11121.09009009009,221,9710.0,1237.0,False,38648.0,0.0045045045045045,36852.0
LGHIOJDCCR_f__WGHTAJLAAQ_f,222,3,False,2,221,True,0.0288307285595615,5,15865,16641,15868.495495495496,221,9710.0,6155.0,False,776.0,0.0045045045045045,768.0
LFZGFSBAPK_r__QRYVQHRCDP_f,222,18,True,12,78,False,1.5188704557270578,156,2939,43830,31726.03603603604,54,593.0,2346.0,False,38040.01190476191,0.7567567567567568,41670.0
LFZGFSBAPK_f__ZTKIBWAINE_f,222,6,False,4,219,False,0.0864309457019475,20,1737,39309,2244.7297297297296,219,593.0,1144.0,False,37572.0,0.0135135135135135,36333.0
LFLCYTAXPM_r__SXOFMAMNHV_r,222,11,True,7,214,False,0.2152237598872318,77,9700,50961,11095.454954954956,214,3712.0,5988.0,False,38723.875,0.036036036036036,40194.0
LELSLSXUJD_f__MXGPCKRKDO_f,222,6,False,3,150,False,0.6862608062071732,11,32330,32870,32704.5,0,10271.0,21938.0,False,495.5,1.0,813.0
LBNAYIUADV_r__OHDZQPGPWN_f,222,3,False,2,220,False,0.0513965054820117,5,11228,11330,11329.081081081082,2,8299.0,2929.0,False,102.0,0.990990990990991,204.0
RQWYEDDQZU_f__RYTHIAUQXY_f,222,22,False,4,207,False,0.2897135784285529,35,3441,50337,4692.315315315315,207,1203.0,2238.0,False,18519.466666666667,0.0675675675675675,78725.0
NFUBAVIKFJ_r__XPWJUXEWXE_r,222,3,False,2,221,True,0.0288307285595615,5,13228,14005,13231.5,221,782.0,12446.0,False,777.0,0.0045045045045045,768.0
RQWYEDDQZU_r__YMBQLXNBIS_r,222,3,False,2,221,True,0.0288307285595615,5,8621,9397,8624.495495495496,221,1211.0,7410.0,False,776.0,0.0045045045045045,768.0
LATJWEMOFA_f__QBGLNTNIEN_f,222,4,False,3,220,False,0.0576410746762455,11,8605,9381,8611.990990990991,220,3805.0,4681.0,False,776.0,0.009009009009009,889.0
RTZVEJWRIR_f__XDNOEMXHOO_r,222,4,False,3,220,False,0.0576410746762455,11,13768,14544,13774.990990990991,220,11964.0,1468.0,False,776.0,0.009009009009009,1079.0
KWPZDDFHSF_r__PTUISUDLZT_r,222,4,False,3,220,False,0.0576410746762455,11,27000,27777,27007.0,220,24446.0,2287.0,False,777.0,0.009009009009009,1026.0
KWPZDDFHSF_f__QVAQRRBQVP_f,222,3,False,2,221,True,0.0288307285595615,5,49329,107379,49590.48648648649,221,24461.0,24868.0,False,58050.0,0.0045045045045045,57733.0
KWNRIUDCDY_r__WFTJCBOVZL_f,222,9,False,5,218,False,0.1152002481424533,29,10122,19632,16617.84234234234,1,3960.0,6162.0,False,6525.235294117647,0.9954954954954957,11581.0
KWNRIUDCDY_f__NFZHJZUNUE_f,222,3,False,2,221,True,0.0288307285595615,5,4789,5566,4792.5,221,3970.0,819.0,False,777.0,0.0045045045045045,768.0
KVZHMABUDN_r__SXDHEWPAWT_r,222,3,False,2,220,False,0.0513965054820117,5,5080,7620,5102.882882882883,220,3174.0,1906.0,False,2540.0,0.009009009009009,2509.0
KVZHMABUDN_f__VOCDMCENAJ_f,222,5,False,3,218,False,0.1027111097539858,11,3946,4722,3957.324324324324,218,3172.0,645.0,False,628.5,0.018018018018018,1378.0
KUYFFMDYBH_r__KYQOKYBCOW_r,222,3,False,2,221,True,0.0288307285595615,5,17940,18717,17943.5,221,4139.0,13801.0,False,777.0,0.0045045045045045,768.0
KURGFARMPR_r__RJJWLWHZAS_r,222,10,False,6,217,False,0.1439488876457942,47,9687,67043,11922.977477477478,0,3010.0,3695.0,False,4848.977477477478,1.0,61106.0
KURGFARMPR_f__NBRIDDKSIX_f,222,3,False,2,221,True,0.0288307285595615,5,5960,7032,5964.828828828829,221,3008.0,2952.0,False,1072.0,0.0045045045045045,1070.0
KUIFCLFQSI_r__TWATEWRZLR_r,222,3,False,2,221,True,0.0288307285595615,5,7576,8353,7579.5,221,2748.0,4828.0,False,777.0,0.0045045045045045,768.0
LRPZIYPPND_r__VTCLZJNIFI_f,222,3,True,3,218,False,0.1027111097539858,12,14426,14660,14656.837837837838,0,1913.0,12396.0,False,347.8378378378378,1.0,517.0
LSBXOCNNHO_f__STWSZJXKDU_f,222,9,False,3,216,False,0.1364281673589904,16,3376,32026,4142.22972972973,216,995.0,2381.0,False,28350.5,0.027027027027027,33800.0
LSXWAAQWNO_f__UIRDNIZHWO_r,222,6,True,3,220,False,0.0576410746762455,15,11092,25217,11159.09009009009,220,7744.0,3233.0,False,7447.0,0.009009009009009,12761.0
LSXWAAQWNO_r__WFTJCBOVZL_r,222,5,False,4,219,False,0.0864309457019475,19,14272,15040,14282.378378378378,219,7726.0,6171.0,False,768.0,0.0135135135135135,1144.0
NFBBASIHND_f__QQZHEZDFNF_f,222,3,False,2,220,False,0.0513965054820117,5,2339,3652,2350.828828828829,220,972.0,1367.0,False,1313.0,0.009009009009009,1310.0
NEECSYVOPQ_r__OSWZJWLTWJ_r,222,3,False,2,221,True,0.0288307285595615,5,5149,5860,5152.202702702703,221,1041.0,4108.0,False,711.0,0.0045045045045045,713.0
MZUXHCDAHB_r__WPWEZCITMI_f,222,3,False,2,221,True,0.0288307285595615,5,12742,13519,12745.5,221,12020.0,722.0,False,777.0,0.0045045045045045,768.0
MZUXHCDAHB_f__VWDEPLURXS_f,222,3,False,2,221,True,0.0288307285595615,5,23902,25348,23908.513513513517,221,12020.0,11882.0,False,1446.0,0.0045045045045045,1442.0
MXDBTXHFHJ_r__RTTKAJVARC_r,222,3,False,2,221,True,0.0288307285595615,5,9746,15460,9771.73873873874,221,1992.0,7754.0,False,5714.0,0.0045045045045045,5709.0
MXDBTXHFHJ_f__WPWEZCITMI_r,222,4,False,3,220,False,0.0576410746762455,8,2714,3780,2722.297297297297,220,1992.0,722.0,False,921.0,0.009009009009009,1819.0
MUWGUWCDTU_r__UTYAQKFQDH_r,222,3,False,2,221,True,0.0288307285595615,5,4050,4827,4053.5,221,3245.0,805.0,False,777.0,0.0045045045045045,768.0
MUWGUWCDTU_f__ZKKSOYXZSQ_r,222,5,False,3,219,False,0.0801863765077137,11,10171,11607,10187.436936936936,219,3245.0,6449.0,False,1216.3333333333333,0.0135135135135135,2687.0
MRLECGPUYI_r__SUBPWPQDFD_r,222,3,True,3,206,False,0.2861206803119767,9,3178,3408,3286.783783783784,14,2408.0,770.0,False,116.10576923076924,0.9369369369369368,230.0
MRLECGPUYI_f__QQLFXKORNH_r,222,3,False,2,221,True,0.0288307285595615,5,9148,10497,9154.076576576575,221,2408.0,6740.0,False,1349.0,0.0045045045045045,1340.0
MRDJEEINGI_r__NXDMMBMCUJ_r,222,3,False,2,221,True,0.0288307285595615,5,4338,5591,4343.644144144144,221,3695.0,643.0,False,1253.0,0.0045045045045045,1250.0
MRDJEEINGI_f__PHTUBOWZWA_r,222,4,False,2,221,True,0.0288307285595615,6,5379,6056,6052.95045045045,0,3695.0,916.0,False,1441.9504504504505,1.0,2213.0
MQQJQQCKYE_r__NSABNEFPLA_r,222,1,False,1,222,False,0.0,1,36971,36971,36971.0,222,36971.0,36971.0,True,,0.0,5354.0
MQBRJIVJKG_r__TQBHYEMDFE_f,222,3,False,2,221,True,0.0288307285595615,5,19803,20580,19806.5,221,19029.0,774.0,False,777.0,0.0045045045045045,768.0
MPNWYFWMOG_r__RNYSWPAVAU_r,222,3,False,2,221,True,0.0288307285595615,5,16889,17247,17245.38738738739,1,540.0,16349.0,False,358.0,0.9954954954954957,358.0
MPNWYFWMOG_f__OURQVJZAZZ_f,222,4,False,3,220,False,0.0576410746762455,8,1192,1968,1198.7027027027027,220,552.0,640.0,False,744.0,0.009009009009009,1481.0
MGMIGHAJSL_r__MQQJQQCKYE_r,222,3,False,3,218,False,0.1003541361334248,8,8767,10157,8792.045045045044,218,3333.0,5434.0,False,1390.0,0.018018018018018,1416.0
MGMIGHAJSL_f__QGDRSQCGSH_f,222,3,False,2,221,True,0.0288307285595615,5,5319,6096,5322.5,221,3336.0,1983.0,False,777.0,0.0045045045045045,768.0
MFKARJGFFB_f__UNPTZNKWVD_f,222,3,False,2,221,True,0.0288307285595615,5,21678,23247,23239.932432432437,1,11314.0,10364.0,False,1569.0,0.9954954954954957,1569.0
MEHHGHHPUN_r__NBRIDDKSIX_r,222,3,False,2,221,True,0.0288307285595615,5,4386,7603,4400.490990990991,221,1436.0,2950.0,False,3217.0,0.0045045045045045,3213.0
MEHCNXCRXO_f__WPHCKAWLWJ_f,222,3,False,2,221,True,0.0288307285595615,5,9546,10799,9551.644144144144,221,4093.0,5453.0,False,1253.0,0.0045045045045045,1250.0
LZZLBNNDDA_f__TJJBZTAYLC_f,222,3,False,2,221,True,0.0288307285595615,5,15790,17023,15795.554054054051,221,1997.0,13793.0,False,1233.0,0.0045045045045045,2719.0
LYIOXHYOKA_r__OLUEEZMVIH_r,222,3,False,2,221,True,0.0288307285595615,5,9623,45122,9782.905405405403,221,3775.0,5848.0,False,35499.0,0.0045045045045045,35790.0
LYIOXHYOKA_f__UXPSNWWHML_f,222,3,False,3,220,False,0.0576410746762455,8,9918,11401,9931.36036036036,220,3781.0,6137.0,False,1483.0,0.009009009009009,1433.0
LWRCACRWJW_r__PIVHURLJVP_r,222,3,False,2,221,True,0.0288307285595615,5,9757,13463,13446.306306306304,1,1687.0,8070.0,False,3706.0,0.9954954954954957,3706.0
LWRCACRWJW_f__UJBGATQZSS_f,222,7,False,4,211,False,0.226924736108874,18,3418,9647,8632.17117117117,0,1687.0,,False,5719.171171171171,1.0,7125.0
LTVDYXJODN_f__XIDWLBCHGM_f,222,3,False,2,221,True,0.0288307285595615,5,4208,4984,4211.495495495496,221,1591.0,2617.0,False,776.0,0.0045045045045045,768.0
GXPNFHPAJW_f__ZEWJRLKRRP_f,222,3,False,2,180,False,0.4850451425563364,5,3059,3297,3104.027027027027,180,1016.0,2043.0,False,238.0,0.1891891891891892,238.0
GTBGXRLKIO_r__YVITOTFSEE_r,222,3,False,2,221,True,0.0288307285595615,5,2342,3595,2347.6441441441443,221,1023.0,1319.0,False,1253.0,0.0045045045045045,1250.0
GTBGXRLKIO_f__SDWAYYASVR_f,222,3,False,2,221,True,0.0288307285595615,5,4741,4888,4887.3378378378375,1,1009.0,3732.0,False,147.0,0.9954954954954957,147.0
BPVPACRZPN_r__SXDHEWPAWT_f,222,3,False,2,216,False,0.1242508373896308,5,9240,10672,9278.702702702703,216,7327.0,1913.0,False,1432.0,0.027027027027027,1432.0
WVWXPHACBJ_f__YWSGZOAHNX_f,222,3,False,2,221,True,0.0288307285595615,5,50207,51279,50211.82882882883,221,23243.0,26964.0,False,1072.0,0.0045045045045045,1070.0
BWEZXGGFBK_f__SKCSCYCISB_r,222,3,False,2,221,True,0.0288307285595615,5,11874,12598,11877.26126126126,221,7319.0,4555.0,False,724.0,0.0045045045045045,820.0
BVYIWUHBUT_r__GAIVNEGFHR_r,222,4,True,5,141,False,1.0749527997254489,21,6766,7288,7112.459459459459,0,2923.0,3582.0,False,607.4594594594595,1.0,330.0
BVYIWUHBUT_f__ZGDFXVNQXV_r,222,3,False,2,221,True,0.0288307285595615,5,9256,10711,10704.445945945949,1,2890.0,6366.0,False,1455.0,0.9954954954954957,1455.0
BVVBLHLFVH_r__SHWWGBTMMM_r,222,3,False,2,220,False,0.0513965054820117,5,13592,14369,13599.0,220,559.0,13033.0,False,777.0,0.009009009009009,768.0
BVVBLHLFVH_f__SAMESKIMAJ_r,222,3,False,2,221,True,0.0288307285595615,5,1580,2357,1583.5,221,568.0,1012.0,False,777.0,0.0045045045045045,768.0
BUSCALJOVG_r__LWQLAUQSCU_r,222,3,False,2,221,True,0.0288307285595615,5,11105,11881,11108.495495495496,221,3840.0,7265.0,False,776.0,0.0045045045045045,768.0
BUSCALJOVG_f__HLLLVEXLHF_r,222,3,False,2,219,False,0.071584833692919,5,7440,9333,7465.581081081081,219,3856.0,3584.0,False,1893.0,0.0135135135135135,1885.0
BTXAZDJJLH_r__GOSFXHIPVD_r,222,3,False,2,170,False,0.5443422122111141,5,2453,5042,3059.4324324324325,170,1783.0,670.0,False,2589.0,0.2342342342342342,2581.0
BTXAZDJJLH_f__WBVPCGKUTV_f,222,5,False,3,218,False,0.1003541361334248,11,5983,8523,6023.238738738739,218,1778.0,3872.0,False,2233.25,0.018018018018018,4246.0
BRZJUAZYZF_f__NOAJDCSIVA_f,222,4,False,2,170,False,0.5443422122111141,6,20037,21884,20469.630630630632,0,1474.0,18456.0,False,539.6306306306307,1.0,2061.0
BRGTVFLEGY_r__GJOUKDYRJE_r,222,3,False,2,221,True,0.0288307285595615,5,21451,22228,21454.5,221,12846.0,8605.0,False,777.0,0.0045045045045045,768.0
BRGTVFLEGY_f__QWMTKCOYQH_f,222,3,False,2,221,True,0.0288307285595615,5,13522,14299,13525.5,221,12864.0,658.0,False,777.0,0.0045045045045045,768.0
BPVPACRZPN_f__EYYBBUUUVB_f,222,3,False,2,221,True,0.0288307285595615,5,8540,13644,13621.009009009009,1,7327.0,1213.0,False,5104.0,0.9954954954954957,5104.0
BWLQZIEPEC_r__HUIGUZLHBJ_r,222,3,False,2,221,True,0.0288307285595615,5,3918,4984,3922.801801801802,221,2930.0,988.0,False,1066.0,0.0045045045045045,1051.0
BPPZAYYVKM_r__DCRZLNKVGV_r,222,3,False,2,221,True,0.0288307285595615,5,14906,16759,14914.346846846847,221,6954.0,7952.0,False,1853.0,0.0045045045045045,1769.0
BPPZAYYVKM_f__JRRJHZVADX_f,222,4,False,3,220,False,0.0576410746762455,10,11707,12483,11713.009009009009,0,6954.0,4535.0,False,224.00900900900905,1.0,986.0
BOKLLFOQQG_r__LLBCNVRABS_r,222,8,False,5,218,False,0.1152002481424533,31,32440,36574,34045.252252252256,0,7454.0,23729.0,False,2381.252252252252,1.0,6229.0
BOKLLFOQQG_f__WXBUSEEMMM_f,222,3,False,2,221,True,0.0288307285595615,5,23711,27421,23727.711711711712,221,7454.0,16257.0,False,3710.0,0.0045045045045045,3672.0
BNIGRCVPML_f__BRZJUAZYZF_f,222,3,True,2,221,True,0.0288307285595615,8,2662,3628,3623.6486486486488,0,705.0,1474.0,False,1444.6486486486488,1.0,483.0
BMNMWSPCQG_r__FHAPZVUFCF_r,222,3,False,2,220,False,0.0513965054820117,5,15562,17223,15576.963963963964,220,10655.0,4907.0,False,1661.0,0.009009009009009,1656.0
BMNMWSPCQG_f__QZJVOAHOBS_f,222,3,False,2,221,True,0.0288307285595615,5,11420,12196,11423.495495495496,221,10669.0,751.0,False,776.0,0.0045045045045045,768.0
WVWXPHACBJ_r__YPDDEPKACD_f,222,3,False,2,221,True,0.0288307285595615,5,24040,24817,24043.5,221,23254.0,786.0,False,777.0,0.0045045045045045,768.0
WZDCCWPRYS_r__XNUJCMVIGS_r,222,3,False,2,220,False,0.0513965054820117,5,11791,12568,11798.0,220,9095.0,2696.0,False,777.0,0.009009009009009,768.0
XFUKGTZLAV_r__YNTFBMKXBV_r,222,3,False,2,221,True,0.0288307285595615,5,13828,16368,13839.441441441442,221,12396.0,1432.0,False,2540.0,0.0045045045045045,2610.0
XPVMPHROHI_r__ZTKIBWAINE_r,222,5,True,5,218,False,0.1152002481424533,20,14094,15534,14204.747747747748,0,12942.0,1144.0,False,118.74774774774777,1.0,1534.0
XXVQEZNBQB_f__YMBQLXNBIS_f,222,3,False,2,221,True,0.0288307285595615,5,15341,16650,15346.896396396396,221,7931.0,7410.0,False,1309.0,0.0045045045045045,1309.0
BKGMWIBGXJ_f__PHTUBOWZWA_f,222,3,False,2,221,True,0.0288307285595615,5,3603,4941,3609.027027027027,221,2697.0,906.0,False,1338.0,0.0045045045045045,1329.0
BWLQZIEPEC_f__TJTLWATQFF_f,222,3,False,2,221,True,0.0288307285595615,5,4767,5544,4770.5,221,2921.0,1846.0,False,777.0,0.0045045045045045,768.0
BWLSGNSKRI_f__SHWWGBTMMM_f,222,3,False,2,221,True,0.0288307285595615,5,14084,14860,14087.495495495496,221,1060.0,13024.0,False,776.0,0.0045045045045045,768.0
GPXHVRRZLC_r__LZZLBNNDDA_f,222,4,False,3,220,False,0.0576410746762455,10,7073,7849,7078.202702702703,0,4665.0,2011.0,False,402.2027027027027,1.0,1165.0
CIJXPFLBBX_f__DTVZLGOMLA_r,222,4,False,3,219,False,0.0801863765077137,11,18072,18849,18082.5,219,1924.0,15930.0,False,777.0,0.0135135135135135,985.0
CURWDAFDCZ_f__SOPFFTTIKI_r,222,1,False,1,222,False,0.0,1,15793,15793,15793.0,222,15793.0,15793.0,True,,0.0,5264.0
CTWLDYAKJU_r__FQGXEWGAMU_r,222,22,False,5,216,False,0.1578306569813606,53,5909,55193,6988.756756756757,216,2978.0,2652.0,False,39951.0,0.027027027027027,74487.0
CTWLDYAKJU_f__RYLMYMEVBL_f,222,3,False,2,221,True,0.0288307285595615,5,7298,8364,7302.801801801802,221,2969.0,4329.0,False,1066.0,0.0045045045045045,1051.0
CRALSVTFTC_r__DZZSXIRRFM_r,222,4,False,3,220,False,0.0576410746762455,11,12337,13106,12343.927927927927,220,9487.0,2592.0,False,769.0,0.009009009009009,1033.0
CRALSVTFTC_f__VKGJGCHOXW_f,222,4,False,2,221,True,0.0288307285595615,6,13190,13740,13192.477477477478,0,9489.0,3485.0,False,218.47747747747744,1.0,984.0
CMIDHIUKEW_r__GCKPIDOUOW_r,222,5,False,4,148,False,0.6841756832855903,16,7318,11127,9055.648648648648,72,2831.0,4487.0,False,2571.72,0.6756756756756757,3932.0
CMIDHIUKEW_f__JFHWUQKCYR_f,222,12,True,8,170,False,0.8632398627451331,92,16401,28945,26874.04954954955,0,2805.0,9814.0,False,14255.049549549549,1.0,12512.0
CKQWWCGPVC_r__LGOKMQPFVQ_f,222,5,True,8,118,False,1.0751307908389427,36,5789,6625,6212.689189189189,3,955.0,4834.0,False,429.4931506849315,0.9864864864864864,737.0
CKQWWCGPVC_f__YGYJJNMGPS_f,222,3,False,2,221,True,0.0288307285595615,5,3505,42073,3678.7297297297296,221,964.0,2541.0,False,38568.0,0.0045045045045045,36814.0
CKJJDCVHOP_r__SQYOENFQOY_r,222,3,False,2,221,True,0.0288307285595615,5,28128,28905,28131.5,221,2244.0,25884.0,False,777.0,0.0045045045045045,768.0
CIRMBUYJFK_r__IAMXLIYGOQ_r,222,3,False,2,221,True,0.0288307285595615,5,10075,10852,10078.5,221,3490.0,6585.0,False,777.0,0.0045045045045045,768.0
CIRMBUYJFK_f__CWCCKOQCWZ_r,222,41,True,33,129,False,1.6004824019901098,1004,21762,67899,54595.41891891892,0,3487.0,2991.0,False,48117.41891891892,1.0,107325.0
CIJXPFLBBX_r__YOJVMARYCH_r,222,3,False,2,221,True,0.0288307285595615,5,38325,74223,38486.7027027027,221,1929.0,36396.0,False,35898.0,0.0045045045045045,35784.0
CGSVFFCAQH_r__UIKHOVSIJN_r,222,3,False,2,221,True,0.0288307285595615,5,28173,28950,28176.5,221,11220.0,16953.0,False,777.0,0.0045045045045045,768.0
BWLSGNSKRI_r__CKJJDCVHOP_r,222,3,False,2,221,True,0.0288307285595615,5,3313,4090,3316.5,221,1050.0,2263.0,False,777.0,0.0045045045045045,768.0
CGSVFFCAQH_f__ORYIQTMOCW_f,222,3,False,2,218,False,0.0902219713655183,5,14434,15687,14456.576576576575,218,11227.0,3207.0,False,1253.0,0.018018018018018,1250.0
CGQZOLYSTD_r__ZLLQQUXUIP_r,222,97,True,16,169,False,1.0516123280720455,600,6597,94022,18603.225225225226,169,1918.0,4679.0,False,50290.22641509434,0.2387387387387387,131251.0
CGQZOLYSTD_f__GNKAUAIAPT_f,222,3,False,2,221,True,0.0288307285595615,5,20326,22866,20337.44144144144,221,1909.0,18417.0,False,2540.0,0.0045045045045045,2509.0
CCKNZTKJDD_r__SVGDCUWZRJ_r,222,5,False,3,220,False,0.0576410746762455,11,73483,74918,73492.96396396396,220,5505.0,67714.0,False,1106.0,0.009009009009009,2474.0
CCBTELCMAW_r__FZZJSRRGUR_r,222,20,False,12,159,False,0.8541426418364159,141,11042,17921,13490.608108108108,0,1486.0,1171.0,False,10833.608108108108,1.0,32725.0
CCBTELCMAW_f__XDNOEMXHOO_f,222,6,False,4,212,False,0.2124439468997329,18,3432,4209,3439.0,0,1477.0,,False,336.0,1.0,1236.0
CAWJDIUFZQ_r__OTPJRRWJRK_r,222,11,True,7,210,False,0.3024213282465278,81,10320,47951,12348.648648648648,210,7559.0,2761.0,False,37530.0,0.054054054054054,36657.0
CAWJDIUFZQ_f__ZWPXXGKXGL_f,222,3,False,2,221,True,0.0288307285595615,5,8129,9383,8134.648648648648,221,7555.0,574.0,False,1254.0,0.0045045045045045,1250.0
CAPUVXKIHV_r__OWNWVIRSZP_r,222,3,False,2,220,False,0.0513965054820117,5,7440,8216,7446.990990990991,220,649.0,6791.0,False,776.0,0.009009009009009,768.0
BZABGBSTKN_r__CCKNZTKJDD_r,222,3,False,2,221,True,0.0288307285595615,5,7015,10762,7031.878378378378,221,1505.0,5510.0,False,3747.0,0.0045045045045045,3742.0
BZABGBSTKN_f__KRWMLFOZYV_f,222,3,False,2,220,False,0.0513965054820117,5,7924,8889,8880.306306306305,2,1507.0,6417.0,False,965.0,0.990990990990991,965.0
BXDANYEZUN_r__VQTSEJSIBI_r,222,3,False,2,221,True,0.0288307285595615,5,5662,43731,5833.481981981982,221,4091.0,1571.0,False,38069.0,0.0045045045045045,36890.0
BXDANYEZUN_f__WXBUSEEMMM_r,222,3,False,2,221,True,0.0288307285595615,5,20348,25233,20370.004504504504,221,4091.0,16257.0,False,4885.0,0.0045045045045045,4962.0
BHUNYKXPJG_r__QSPABZAPOJ_r,222,3,False,2,221,True,0.0288307285595615,5,19986,21421,19992.463963963964,221,8788.0,11198.0,False,1435.0,0.0045045045045045,1433.0
BHUNYKXPJG_f__PLTCZQCVRD_f,222,3,False,2,221,True,0.0288307285595615,5,24445,27857,24460.369369369368,221,8791.0,15654.0,False,3412.0,0.0045045045045045,3486.0
BHKETMHIEF_f__DCXMFWGYAY_r,222,16,True,11,210,False,0.3321135522645848,132,30187,53186,45386.72522522522,0,23257.0,4052.0,False,18077.725225225226,1.0,27547.0
AKVWSEINLE_r__JHJVGMLICW_f,222,3,False,2,221,True,0.0288307285595615,5,8719,10843,8728.567567567568,221,6926.0,1793.0,False,2124.0,0.0045045045045045,1296.0
AQOVQHWFSE_f__KIVDDRSTJR_f,222,4,False,2,221,True,0.0288307285595615,6,12754,13060,13058.621621621622,0,3755.0,8231.0,False,1072.6216216216217,1.0,1842.0
APTPEYOMPI_r__GRXLFRUXHG_f,222,3,False,2,221,True,0.0288307285595615,5,26384,27820,26390.46846846847,221,24729.0,1655.0,False,1436.0,0.0045045045045045,1433.0
APTPEYOMPI_f__BNIGRCVPML_f,222,4,False,3,220,False,0.0576410746762455,8,25461,44341,25549.545045045044,220,24738.0,723.0,False,9828.5,0.009009009009009,19653.0
AOMYVKXUJH_r__WDXIDBBCPP_f,222,3,False,2,220,False,0.0513965054820117,5,19044,19820,19050.99099099099,220,14715.0,4329.0,False,776.0,0.009009009009009,768.0
AOMYVKXUJH_f__DVVYKKYAWE_f,222,3,False,2,221,True,0.0288307285595615,5,20010,23019,20023.554054054053,221,14722.0,5288.0,False,3009.0,0.0045045045045045,2971.0
ANHYQUDQAA_r__IMAMHFLCWS_f,222,36,False,10,192,False,0.5709224549965217,182,39937,76994,44756.71621621621,192,29962.0,9975.0,False,35665.9,0.1351351351351351,48613.0
ANHYQUDQAA_f__PZQINYLZXQ_r,222,5,False,5,215,False,0.1802931148697041,19,50086,53093,50120.54504504504,215,29931.0,19735.0,False,1095.571428571429,0.0315315315315315,4175.0
ALUPKVLFTO_r__GZNSNVCHYD_r,222,3,False,2,221,True,0.0288307285595615,5,7740,8517,7743.5,221,3825.0,3915.0,False,777.0,0.0045045045045045,768.0
ALUPKVLFTO_f__YFJXDRHGLL_f,222,3,False,2,221,True,0.0288307285595615,5,5933,7365,5939.45045045045,221,3825.0,2108.0,False,1432.0,0.0045045045045045,1432.0
ALEPDGQBYO_r__HBZGGMQJNE_r,222,5,False,3,219,False,0.0801863765077137,12,7487,30309,9106.23873873874,1,901.0,6352.0,False,1626.5656108597284,0.9954954954954957,23066.0
ALEPDGQBYO_f__KGWWUZQEKD_r,222,8,False,5,212,False,0.2260212500080729,26,34784,36257,34929.55855855856,7,813.0,33513.0,False,150.29767441860466,0.9684684684684683,4046.0
ALEITXQZYY_r__DRPPNPOGXL_r,222,1,False,1,222,False,0.0,1,11693,11693,11693.0,222,11693.0,11693.0,True,,0.0,1073.0
ALEITXQZYY_f__MFKARJGFFB_f,222,76,False,7,215,False,0.1951392268787326,204,20616,68187,21965.72072072072,215,9319.0,11297.0,False,42805.42857142857,0.0315315315315315,117688.0
AKVWSEINLE_f__QQSILILDBT_f,222,3,False,2,221,True,0.0288307285595615,5,8756,46894,8927.792792792792,221,6933.0,1823.0,False,38138.0,0.0045045045045045,36925.0
BFFLQRQYSO_r__UZPMAGGISX_r,222,3,False,2,220,False,0.0513965054820117,5,15252,16028,15258.990990990991,220,2325.0,12927.0,False,776.0,0.009009009009009,768.0
AIYSOORJDW_r__QVAQRRBQVP_r,222,3,False,2,221,True,0.0288307285595615,5,25630,27291,25637.481981981982,221,756.0,24874.0,False,1661.0,0.0045045045045045,1656.0
AIYSOORJDW_f__EMGFPLARXL_f,222,3,False,2,218,False,0.0902219713655183,5,8359,9136,8373.0,218,756.0,7603.0,False,777.0,0.018018018018018,768.0
AHYRAMUUTM_r__QQXNMUYDNS_r,222,5,False,3,218,False,0.1003541361334248,11,15586,16910,15602.463963963964,218,543.0,14539.0,False,913.75,0.018018018018018,2560.0
AHYRAMUUTM_f__OWNWVIRSZP_f,222,3,False,2,220,False,0.0513965054820117,5,7334,15596,7408.432432432432,220,541.0,6793.0,False,8262.0,0.009009009009009,8221.0
AGVTAJTYER_r__OZLYYMOKWU_f,222,3,False,3,220,False,0.0576410746762455,8,1846,2623,1853.0,220,832.0,1014.0,False,777.0,0.009009009009009,768.0
AGVTAJTYER_f__JYWYLUXXVS_f,222,3,False,2,221,True,0.0288307285595615,5,18332,19108,18335.495495495496,221,824.0,17508.0,False,776.0,0.0045045045045045,768.0
AFFODHUCNW_r__VRDEBAMMSO_r,222,13,True,6,165,False,0.675956792138271,56,10919,60663,22577.55855855856,0,4889.0,3542.0,False,14146.558558558558,1.0,62669.0
AFFODHUCNW_f__KDNDVPYXTO_f,222,3,False,2,221,True,0.0288307285595615,5,13270,14047,13273.5,221,4880.0,8390.0,False,777.0,0.0045045045045045,768.0
AEJQYPEVQR_r__OCLLBLOTSW_r,222,3,False,2,220,False,0.0513965054820117,5,3621,4398,3628.0,220,2466.0,1155.0,False,777.0,0.009009009009009,768.0
AEJQYPEVQR_f__SQYOENFQOY_f,222,4,False,3,219,False,0.0801863765077137,11,28677,29453,28687.486486486487,219,2503.0,25884.0,False,776.0,0.0135135135135135,1067.0
ADOVFNSINA_r__CAPUVXKIHV_r,222,5,False,3,220,False,0.0576410746762455,12,8616,21652,20823.27927927928,0,7190.0,649.0,False,12984.27927927928,1.0,13804.0
ADOVFNSINA_f__ECOWCWQMQJ_f,222,3,False,2,221,True,0.0288307285595615,5,8485,9262,8488.5,221,7199.0,1286.0,False,777.0,0.0045045045045045,768.0
ADIVNXMSJF_r__CGRLRHSCCE_f,222,3,False,2,221,True,0.0288307285595615,5,5718,16699,5767.463963963964,221,4283.0,1435.0,False,10981.0,0.0045045045045045,10981.0
AQOVQHWFSE_r__CGRLRHSCCE_r,222,4,False,3,203,False,0.3210029000904849,10,5981,6968,6248.608108108108,0,3755.0,1449.0,False,1044.608108108108,1.0,1755.0
ASAGSWKXIP_f__PIDFVIHRFN_f,222,5,False,3,219,False,0.0801863765077137,11,5610,7645,6860.166666666667,2,574.0,5036.0,False,1261.5318181818182,0.990990990990991,2026.0
ASAGSWKXIP_r__KLALYXYDKQ_r,222,3,False,2,221,True,0.0288307285595615,5,1099,4164,1112.8063063063064,221,579.0,520.0,False,3065.0,0.0045045045045045,3033.0
ASUEFIKAEX_f__HBZGGMQJNE_f,222,3,False,2,221,True,0.0288307285595615,5,10991,11767,10994.495495495496,221,4649.0,6342.0,False,776.0,0.0045045045045045,768.0
BFFLQRQYSO_f__QOZGCUDAAI_f,222,3,False,2,221,True,0.0288307285595615,5,13005,15545,13016.441441441442,221,2327.0,10678.0,False,2540.0,0.0045045045045045,2509.0
BBYPAMQVNF_r__VZTFXIZVXB_f,222,4,False,3,220,False,0.0576410746762455,10,24058,25556,24794.117117117115,0,19134.0,4162.0,False,1498.117117117117,1.0,2253.0
BBYPAMQVNF_f__XPWJUXEWXE_f,222,37,False,5,215,False,0.1764055192960314,82,31584,52655,32199.55855855856,215,19134.0,12450.0,False,19522.0,0.0315315315315315,36545.0
BBOUIKLAYP_r__LFLCYTAXPM_r,222,3,False,2,221,True,0.0288307285595615,5,8692,10030,8698.027027027027,221,4980.0,3712.0,False,1338.0,0.0045045045045045,1329.0
BBOUIKLAYP_f__IRXKDZITGA_r,222,3,False,2,221,True,0.0288307285595615,5,11121,11897,11124.495495495496,221,4971.0,6150.0,False,776.0,0.0045045045045045,768.0
BAZFWNQRIZ_r__ZKNDLZPYCI_r,222,3,False,2,221,True,0.0288307285595615,5,7379,8155,7382.495495495496,221,5851.0,1528.0,False,776.0,0.0045045045045045,768.0
BAZFWNQRIZ_f__WFHRDCDOMG_f,222,4,False,3,220,False,0.0576410746762455,11,7037,7814,7044.0,220,5843.0,714.0,False,777.0,0.009009009009009,1247.0
BAKCZJDAID_r__DWAEPOSFWS_f,222,3,False,2,221,True,0.0288307285595615,5,21594,23255,21601.481981981982,221,18888.0,2706.0,False,1661.0,0.0045045045045045,1656.0
BAKCZJDAID_f__FHHLAHZJOM_f,222,3,False,2,221,True,0.0288307285595615,5,30417,33208,30429.57207207207,221,18888.0,11529.0,False,2791.0,0.0045045045045045,2772.0
BAJXPSVBKO_r__KUYFFMDYBH_r,222,1,False,1,222,False,0.0,1,5999,5999,5999.0,222,5999.0,5999.0,True,,0.0,974.0
BAJXPSVBKO_f__DYNPHLIMVT_f,222,4,False,3,219,False,0.0801863765077137,11,2137,2913,2147.4864864864867,219,868.0,1153.0,False,776.0,0.0135135135135135,875.0
AYTAKTXJXK_r__IALJRKIFKE_r,222,3,False,2,221,True,0.0288307285595615,5,25956,26733,25959.5,221,13448.0,12508.0,False,777.0,0.0045045045045045,768.0
AYTAKTXJXK_f__NSABNEFPLA_f,222,3,False,2,221,True,0.0288307285595615,5,39576,82088,39767.495495495496,221,13471.0,26105.0,False,42512.0,0.0045045045045045,42446.0
AWYUJYFNGP_r__NDFRQBCFCG_r,222,3,False,2,221,True,0.0288307285595615,5,17259,18035,17262.495495495496,221,3483.0,13776.0,False,776.0,0.0045045045045045,768.0
AWYUJYFNGP_f__GCNKXNFARN_r,222,5,True,9,196,False,0.5591029991473836,32,5575,6100,5808.752252252252,4,3490.0,2085.0,False,238.0412844036697,0.981981981981982,1048.0
AVXTXOCVMG_r__GBIULQMJVJ_f,222,4,True,4,172,False,0.7195993700173817,12,6619,6845,6817.513513513513,4,1870.0,4749.0,False,202.1559633027523,0.981981981981982,226.0
AVXTXOCVMG_f__WOHPWXHUSI_r,222,3,False,2,220,False,0.0513965054820117,5,12025,13457,12037.9009009009,220,1885.0,10140.0,False,1432.0,0.009009009009009,1432.0
AVUIDSRMNP_r__WCJONKLHBM_r,222,3,False,2,221,True,0.0288307285595615,5,10809,12245,10815.468468468467,221,8042.0,2767.0,False,1436.0,0.0045045045045045,1433.0
AVUIDSRMNP_f__BHKETMHIEF_f,222,3,False,2,221,True,0.0288307285595615,5,31299,69572,31471.400900900902,221,8042.0,23257.0,False,38273.0,0.0045045045045045,37418.0
AUJCCFGRKH_r__JFTSMYGWDT_r,222,3,False,2,221,True,0.0288307285595615,5,5385,6161,5388.495495495496,221,4155.0,1230.0,False,776.0,0.0045045045045045,768.0
AUJCCFGRKH_f__VTCLZJNIFI_r,222,5,False,3,220,False,0.0576410746762455,12,17320,20743,19957.58108108108,0,4147.0,12396.0,False,3414.5810810810813,1.0,4191.0
ATPWUNKKID_r__PWDSOBLBPO_f,222,3,False,2,221,True,0.0288307285595615,5,35061,35839,35064.504504504504,221,21055.0,14006.0,False,778.0,0.0045045045045045,768.0
YJSEGEHASG_r__YWSGZOAHNX_r,222,3,False,2,221,True,0.0288307285595615,5,85219,87759,85230.44144144144,221,58248.0,26971.0,False,2540.0,0.0045045045045045,2509.0
YVEVUPDYEE_f__ZFYFAGFPQE_f,222,3,False,2,220,False,0.0513965054820117,5,23671,66183,24053.99099099099,220,8849.0,14822.0,False,42512.0,0.009009009009009,42555.0
ATFHQYFPNW_r__PCDWLGUYCB_r,222,3,False,2,221,True,0.0288307285595615,5,4349,6889,4360.441441441441,221,1597.0,2752.0,False,2540.0,0.0045045045045045,2509.0
ATFHQYFPNW_f__GUDQDOMJFJ_f,222,11,False,5,215,False,0.1802931148697041,30,7562,55369,8937.5,215,1605.0,5957.0,False,43623.0,0.0315315315315315,84848.0
ASUEFIKAEX_r__VWDEPLURXS_r,222,3,False,2,221,True,0.0288307285595615,5,16531,17307,16534.495495495496,221,4649.0,11882.0,False,776.0,0.0045045045045045,768.0
CURWDAFDCZ_r__TONPLIFLWF_r,222,3,False,2,221,True,0.0288307285595615,5,13577,16117,13588.441441441442,221,6989.0,6588.0,False,2540.0,0.0045045045045045,2509.0
CUSJYRGUQV_f__XXIWNZXZTK_f,222,3,False,2,216,False,0.1242508373896308,5,17247,18024,17268.0,216,7723.0,9524.0,False,777.0,0.027027027027027,768.0
CUSJYRGUQV_r__XDZOAXPBLI_f,222,4,False,2,221,True,0.0288307285595615,6,13038,13197,13196.283783783783,0,7724.0,4546.0,False,926.2837837837836,1.0,1695.0
ETMEUQAZWU_r__VDZGHZRSLB_r,222,3,False,2,221,True,0.0288307285595615,5,10708,11485,10711.5,221,5866.0,4842.0,False,777.0,0.0045045045045045,768.0
FHAPZVUFCF_r__HTGOZRIQGS_r,222,4,False,2,221,True,0.0288307285595615,6,11510,12132,11512.8018018018,0,4901.0,6463.0,False,148.80180180180182,1.0,914.0
FCVPWBBMLL_r__KKOJCLVXES_r,222,3,False,2,221,True,0.0288307285595615,5,33058,37195,33076.63513513513,221,14360.0,18698.0,False,4137.0,0.0045045045045045,4106.0
FCVPWBBMLL_f__IALJRKIFKE_f,222,3,False,2,221,True,0.0288307285595615,5,26865,27642,26868.5,221,14357.0,12508.0,False,777.0,0.0045045045045045,768.0
FBCCKBAUMR_r__QNVVEFTBVQ_r,222,3,False,2,221,True,0.0288307285595615,5,2923,3700,2926.5,221,1228.0,1695.0,False,777.0,0.0045045045045045,768.0
FBCCKBAUMR_f__LNBURBEGYE_r,222,3,False,2,221,True,0.0288307285595615,5,4155,5354,4160.4009009009005,221,1228.0,2927.0,False,1199.0,0.0045045045045045,1195.0
EYYBBUUUVB_f__UIRDNIZHWO_f,222,3,False,2,221,True,0.0288307285595615,5,4446,5222,4449.495495495496,221,1203.0,3243.0,False,776.0,0.0045045045045045,768.0
EXDQYDEING_r__GHZIAJAUFO_f,222,3,False,2,221,True,0.0288307285595615,5,14996,15772,14999.495495495496,221,2261.0,12735.0,False,776.0,0.0045045045045045,768.0
EXDQYDEING_f__OPCCUBTDFQ_f,222,23,True,16,202,False,0.524206067951506,286,40059,72066,50940.17117117117,0,2261.0,24129.0,False,24151.17117117117,1.0,33368.0
UPOMFHGEIC_r__ZVPGGEJIIF_r,222,3,False,2,221,True,0.0288307285595615,5,11194,11971,11197.5,221,975.0,10219.0,False,777.0,0.0045045045045045,768.0
UXPSNWWHML_f__YHLTNASHXN_f,222,3,False,2,221,True,0.0288307285595615,5,12115,161568,12788.211711711712,221,6145.0,5970.0,False,149453.0,0.0045045045045045,138478.0
EWEQPJREYX_f__PTQCXBETCD_r,222,3,False,2,221,True,0.0288307285595615,5,8556,9894,8562.027027027027,221,6401.0,2155.0,False,1338.0,0.0045045045045045,1329.0
UZIELDGMRQ_r__YUMHUOWTXQ_r,222,3,False,2,221,True,0.0288307285595615,5,8637,9414,8640.5,221,524.0,8113.0,False,777.0,0.0045045045045045,768.0
VCAVVOUNDI_f__XIWJABIXEM_f,222,3,False,2,170,False,0.5443422122111141,5,5908,6092,6048.9009009009005,52,4720.0,1188.0,False,184.0,0.7657657657657657,184.0
ETMEUQAZWU_f__QSPABZAPOJ_f,222,19,True,11,187,False,0.6503539154519987,138,17061,50891,19641.35135135135,187,5881.0,11180.0,False,16366.8,0.1576576576576576,35780.0
CWCCKOQCWZ_r__SEDXXNCRYL_f,222,3,False,2,221,True,0.0288307285595615,5,15363,16140,15366.5,221,2991.0,12372.0,False,777.0,0.0045045045045045,768.0
VGGCNZRXUG_r__VKGJGCHOXW_r,222,3,False,2,221,True,0.0288307285595615,5,13753,14292,14289.572072072073,1,10268.0,3485.0,False,539.0,0.9954954954954957,539.0
VGYXZAWOLD_f__ZPIAIJAZDD_r,222,3,False,2,221,True,0.0288307285595615,5,29804,68152,29976.73873873874,221,24346.0,5458.0,False,38348.0,0.0045045045045045,36890.0
VOCDMCENAJ_f__ZGDFXVNQXV_f,222,3,False,2,221,True,0.0288307285595615,5,7011,10066,7024.761261261261,221,645.0,6366.0,False,3055.0,0.0045045045045045,2971.0
EQDOECTTHL_r__JMOMDSHCBS_r,222,3,False,2,220,False,0.0513965054820117,5,3495,4271,3501.990990990991,220,705.0,2790.0,False,776.0,0.009009009009009,768.0
EQDOECTTHL_f__FSKJDTCZAX_r,222,128,True,15,207,False,0.4240328567954717,582,5589,47435,8177.468468468468,207,696.0,4893.0,False,38309.333333333336,0.0675675675675675,118966.0
EODAIXMTFC_r__XWBZCZLFKX_f,222,3,False,2,220,False,0.0513965054820117,5,8686,9463,8693.0,220,6344.0,2342.0,False,777.0,0.009009009009009,2790.0
EOBHADSLFU_r__YEWBDLFUDB_r,222,3,False,2,221,True,0.0288307285595615,5,13407,51493,13578.558558558558,221,691.0,12716.0,False,38086.0,0.0045045045045045,36922.0
VQTSEJSIBI_r__XKCACMGLJG_r,222,1,False,1,222,False,0.0,1,28559,28559,28559.0,222,28559.0,28559.0,True,,0.0,486.0
ENLVAKOFWR_r__YYFLULYKQO_r,222,3,True,2,221,True,0.0288307285595615,7,6517,7184,6520.004504504504,0,1616.0,4234.0,False,670.0045045045046,1.0,667.0
ENLVAKOFWR_f__IHERCMJOSU_f,222,3,False,2,221,True,0.0288307285595615,5,15033,16286,15038.644144144144,221,1616.0,13417.0,False,1253.0,0.0045045045045045,1250.0
EMMZDONZAL_r__HZDABMLPJE_r,222,3,False,2,221,True,0.0288307285595615,5,4773,5550,4776.5,221,3954.0,819.0,False,777.0,0.0045045045045045,768.0
EMMZDONZAL_f__IOAGCZFIPS_r,222,3,False,2,221,True,0.0288307285595615,5,12141,13587,12147.513513513511,221,3949.0,8192.0,False,1446.0,0.0045045045045045,1442.0
EMGFPLARXL_f__GUDQDOMJFJ_r,222,3,False,2,221,True,0.0288307285595615,5,13560,28500,13627.297297297297,221,7587.0,5973.0,False,14940.0,0.0045045045045045,14922.0
FHCOVEKCDA_f__OOKLAQXFLW_r,222,7,False,6,217,False,0.1439488876457942,18,11022,13562,11059.72972972973,217,3579.0,7443.0,False,1675.2,0.0225225225225225,7718.0
FHCOVEKCDA_r__PUGROJSRNQ_f,222,3,False,2,221,True,0.0288307285595615,5,7623,8876,7628.644144144144,221,3571.0,4052.0,False,1253.0,0.0045045045045045,1250.0
FHHLAHZJOM_f__JDTWTXSWTH_f,222,4,False,3,217,False,0.1189706108688592,11,19155,19932,19172.5,217,11520.0,7207.0,False,777.0,0.0225225225225225,1199.0
FQGXEWGAMU_r__MFOVCGIAED_r,222,3,False,2,220,False,0.0513965054820117,5,6444,7221,6451.0,220,2652.0,3792.0,False,777.0,0.009009009009009,768.0
ULVIPOHWTC_f__YEWBDLFUDB_f,222,3,False,2,221,True,0.0288307285595615,5,14767,15544,14770.5,221,2057.0,12710.0,False,777.0,0.0045045045045045,768.0
UNPTZNKWVD_f__VDZGHZRSLB_f,222,3,False,2,221,True,0.0288307285595615,5,15206,15377,15376.22972972973,1,10364.0,4842.0,False,171.0,0.9954954954954957,171.0
GPKQYOCEJI_r__NKVSUZGURN_f,222,97,True,55,60,False,2.883457497773554,3682,9995,61586,57268.252252252256,0,1437.0,7902.0,False,47765.252252252256,1.0,98092.0
GPKQYOCEJI_f__NFBBASIHND_f,222,3,False,2,221,True,0.0288307285595615,5,2412,3665,2417.6441441441443,221,1440.0,972.0,False,1253.0,0.0045045045045045,1250.0
GPBEDJEWVF_r__QSECVMMRIA_r,222,3,False,2,221,True,0.0288307285595615,5,14267,16807,14278.441441441442,221,13067.0,1200.0,False,2540.0,0.0045045045045045,2509.0
GPBEDJEWVF_f__JKRDVEYDGL_f,222,3,False,2,221,True,0.0288307285595615,5,20348,21176,20351.72972972973,221,13059.0,7289.0,False,828.0,0.0045045045045045,820.0
GOSFXHIPVD_r__LPUDKVLVUB_r,222,3,False,2,221,True,0.0288307285595615,5,4814,5591,4817.5,221,668.0,4146.0,False,777.0,0.0045045045045045,768.0
GOGOYBIRLF_r__QCVLIGSQQB_r,222,3,False,2,221,True,0.0288307285595615,5,12748,14001,12753.644144144144,221,11399.0,1349.0,False,1253.0,0.0045045045045045,1250.0
GOGOYBIRLF_f__UEAYJKMKRY_f,222,3,False,2,221,True,0.0288307285595615,5,15989,18343,18332.3963963964,1,11400.0,4589.0,False,2354.0,0.9954954954954957,2354.0
GNKAUAIAPT_f__TYURTJYUUV_f,222,3,False,2,221,True,0.0288307285595615,5,21038,21814,21041.495495495496,221,18408.0,2630.0,False,776.0,0.0045045045045045,768.0
GMWPNOTMNX_r__HXXODERGHH_r,222,5,False,3,220,False,0.0576410746762455,12,21960,22944,22169.567567567567,1,15135.0,6674.0,False,210.5158371040724,0.9954954954954957,1118.0
GMWPNOTMNX_f__LTVDYXJODN_f,222,3,False,2,221,True,0.0288307285595615,5,16734,18070,16740.018018018018,221,15148.0,1586.0,False,1336.0,0.0045045045045045,1331.0
GHZIAJAUFO_f__GZNSNVCHYD_f,222,3,False,2,221,True,0.0288307285595615,5,16650,17426,16653.495495495496,221,12727.0,3923.0,False,776.0,0.0045045045045045,768.0
GCNKXNFARN_r__SUBPWPQDFD_f,222,3,False,2,221,True,0.0288307285595615,5,2855,4181,2860.972972972973,221,2085.0,770.0,False,1326.0,0.0045045045045045,1326.0
GCKPIDOUOW_r__WBVPCGKUTV_r,222,4,False,3,218,False,0.1003541361334248,10,8869,9646,8880.950450450451,0,4542.0,3872.0,False,466.9504504504504,1.0,1280.0
GBIULQMJVJ_f__WBEPREVZIH_r,222,5,False,4,192,False,0.4353763110874155,11,7956,8732,7974.342342342342,192,,3232.0,False,135.73333333333332,0.1351351351351351,768.0
GAKJONQISG_r__UJBGATQZSS_r,222,4,False,2,221,True,0.0288307285595615,6,2355,8345,2381.981981981982,0,968.0,1226.0,False,187.981981981982,1.0,6012.0
GAKJONQISG_f__JKXDSPORHF_f,222,3,False,2,221,True,0.0288307285595615,5,2943,3720,2946.5,221,1014.0,1929.0,False,777.0,0.0045045045045045,768.0
FZZJSRRGUR_r__WNLYKTZGKW_r,222,4,False,2,221,True,0.0288307285595615,6,1904,3125,1909.5,0,1193.0,552.0,False,164.5,1.0,1539.0
FZJAIKRIBR_r__SUTPFZJSZW_r,222,8,False,6,214,False,0.2113361643135591,35,10045,11484,10080.905405405403,214,1079.0,8086.0,False,996.375,0.036036036036036,4323.0
FZJAIKRIBR_f__RTTKAJVARC_f,222,4,False,3,219,False,0.0801863765077137,11,8955,9723,8965.378378378378,219,1079.0,7763.0,False,768.0,0.0135135135135135,899.0
FVXKWWUWLU_r__TEQWAIXLNE_r,222,4,False,3,220,False,0.0576410746762455,8,1727,2793,1735.3018018018015,220,955.0,772.0,False,921.5,0.009009009009009,1819.0
FVXKWWUWLU_f__NWCEHPYUOF_r,222,4,False,3,220,False,0.0576410746762455,11,2416,3193,2423.0,220,1020.0,1210.0,False,777.0,0.009009009009009,963.0
FVXBUHYICJ_r__HEDBBNUKLU_r,222,3,False,2,221,True,0.0288307285595615,5,2905,3682,2908.5,221,852.0,2053.0,False,777.0,0.0045045045045045,768.0
FUGUSMYVVA_r__HLZGFRDRSW_r,222,1,False,1,222,False,0.0,1,42313,42313,42313.0,222,42313.0,42313.0,True,,0.0,1387.0
FUGUSMYVVA_f__LLBCNVRABS_f,222,1,False,1,222,False,0.0,1,26865,26865,26865.0,222,26865.0,26865.0,True,,0.0,815.0
FSKJDTCZAX_r__YWYSIZWCPS_f,222,3,False,2,221,True,0.0288307285595615,5,6039,9094,6052.761261261261,221,4882.0,1157.0,False,3055.0,0.0045045045045045,2971.0
VRDEBAMMSO_r__WXCHSHHCDT_r,222,3,False,2,168,False,0.5547896023487735,5,5183,6619,6269.702702702703,54,3611.0,1572.0,False,1436.0,0.7567567567567568,1433.0
VRVWQAMLYI_r__ZZSDXSBTYG_r,222,3,False,2,221,True,0.0288307285595615,5,14150,14928,14153.504504504504,221,1238.0,12912.0,False,778.0,0.0045045045045045,768.0
VSATFZMIKW_f__ZBZDOJCZKQ_r,222,4,False,3,220,False,0.0576410746762455,11,7698,8475,7705.0,220,2266.0,4983.0,False,777.0,0.009009009009009,1208.0
DCUQYOMUNY_f__EODAIXMTFC_r,222,3,False,2,221,True,0.0288307285595615,5,5103,42391,5270.963963963964,221,640.0,4463.0,False,37288.0,0.0045045045045045,35892.0
DLWOUQGNEY_r__HNIWKGNLBM_r,222,3,False,2,221,True,0.0288307285595615,5,11072,11848,11075.495495495496,221,1737.0,9335.0,False,776.0,0.0045045045045045,768.0
DLWOUQGNEY_f__MFOVCGIAED_f,222,3,False,2,221,True,0.0288307285595615,5,5529,12320,5559.59009009009,221,1737.0,3792.0,False,6791.0,0.0045045045045045,6791.0
DKZMPZSQCN_r__KRWMLFOZYV_r,222,3,False,2,221,True,0.0288307285595615,5,10558,11811,10563.644144144144,221,4141.0,6417.0,False,1253.0,0.0045045045045045,1250.0
DKZMPZSQCN_f__IDAZXSKCHH_f,222,6,False,5,218,False,0.1152002481424533,24,5650,6901,5670.405405405405,218,4107.0,918.0,False,1132.5,0.018018018018018,2606.0
DKYALGPKAD_f__XKJZBXCDPZ_r,222,9,True,4,150,False,0.6774973771069935,25,12482,14126,12521.283783783783,0,1178.0,9364.0,False,1485.2837837837835,1.0,4253.0
DGMGBEYIHM_r__GXPNFHPAJW_f,222,11,False,8,214,False,0.2238253027020266,68,12400,26241,24580.00900900901,0,6565.0,1016.0,False,16999.00900900901,1.0,19480.0
DGMGBEYIHM_f__JVDYVQZUBR_f,222,3,False,2,221,True,0.0288307285595615,5,10013,10935,10017.153153153153,221,6565.0,3448.0,False,922.0,0.0045045045045045,922.0
DFKRGGPXPB_r__TORJAESOXF_r,222,22,True,4,219,False,0.0864309457019475,67,5109,43320,5610.968468468468,219,3347.0,1762.0,False,37145.66666666666,0.0135135135135135,39302.0
DFKRGGPXPB_f__LRPZIYPPND_r,222,3,False,2,221,True,0.0288307285595615,5,5358,6134,5361.495495495496,221,3437.0,1921.0,False,776.0,0.0045045045045045,768.0
DDVKABGVWS_r__IXLMXEMXWI_r,222,3,False,2,221,True,0.0288307285595615,5,12092,50588,12265.405405405403,221,4873.0,7219.0,False,38496.0,0.0045045045045045,37089.0
DDVKABGVWS_f__HTGOZRIQGS_f,222,3,False,2,221,True,0.0288307285595615,5,11336,12112,11339.495495495496,221,4873.0,6463.0,False,776.0,0.0045045045045045,768.0
DCXMFWGYAY_r__SVIVJSLGHF_f,222,3,False,2,221,True,0.0288307285595615,5,36617,37816,36622.4009009009,221,4053.0,32564.0,False,1199.0,0.0045045045045045,1195.0
DCUQYOMUNY_r__GRXLFRUXHG_r,222,3,False,2,221,True,0.0288307285595615,5,2295,3072,2298.5,221,640.0,1655.0,False,777.0,0.0045045045045045,768.0
DCRZLNKVGV_r__WOABSWWVRB_r,222,5,False,3,169,False,0.5719676693126685,10,8795,9572,8805.527027027027,0,7952.0,601.0,False,252.52702702702703,1.0,1282.0
VZOKOXMBEZ_f__ZEWJRLKRRP_r,222,5,False,3,213,False,0.1838000682256748,11,3634,5069,3691.608108108108,213,1253.0,2051.0,False,1421.0,0.0405405405405405,3080.0
DAUXXHIOJT_r__DKYALGPKAD_f,222,16,True,7,146,False,0.7793101382957384,76,19229,35861,19943.085585585584,0,5857.0,1178.0,False,12908.085585585586,1.0,21750.0
DAUXXHIOJT_f__LELSLSXUJD_f,222,3,False,2,150,False,0.6300861445587914,5,16130,16269,16223.918918918918,72,5859.0,10271.0,False,139.0,0.6756756756756757,139.0
CYXDVNMRLW_r__IWNOJXIDQP_r,222,3,False,2,221,True,0.0288307285595615,5,12549,13325,12552.495495495496,221,7396.0,5153.0,False,776.0,0.0045045045045045,768.0
CYXDVNMRLW_f__GAIVNEGFHR_f,222,4,False,3,219,False,0.0801863765077137,11,11153,11923,11163.405405405403,219,7396.0,3596.0,False,770.0,0.0135135135135135,929.0
CYKWAFZRJS_r__MXGPCKRKDO_r,222,3,False,2,221,True,0.0288307285595615,5,25729,26506,25732.5,221,3782.0,21947.0,False,777.0,0.0045045045045045,768.0
CYKWAFZRJS_f__IAAEMJLVAI_f,222,12,False,8,214,False,0.2238253027020266,58,8917,11268,9636.193693693696,0,3791.0,1948.0,False,3897.1936936936936,1.0,11852.0
WHVMROPOZM_r__YKNSROAGSI_r,222,3,False,2,221,True,0.0288307285595615,5,23273,24050,23276.5,221,10370.0,12903.0,False,777.0,0.0045045045045045,768.0
WOABSWWVRB_r__YNFGSNJILT_r,222,4,False,3,200,False,0.3414231273596703,9,11599,14973,11693.09009009009,200,601.0,10998.0,False,949.4545454545456,0.0990990990990991,3378.0
CYGJWOEQKN_f__SKPHAXSFLS_f,222,3,False,2,201,False,0.3130410858719816,5,3823,4600,3896.5,201,616.0,3207.0,False,777.0,0.0945945945945946,768.0
CXKKDGMPSE_r__QGDRSQCGSH_r,222,3,False,2,221,True,0.0288307285595615,5,15581,16358,15584.5,221,13599.0,1982.0,False,777.0,0.0045045045045045,768.0
CXKKDGMPSE_f__KBLPANZOCZ_f,222,119,True,23,140,False,1.4102049521427429,439,19939,66464,29439.57207207207,0,13609.0,6172.0,False,9658.572072072073,1.0,231347.0
CWZOVUXMRN_r__EVCCMUBHOL_r,222,3,False,2,221,True,0.0288307285595615,5,15327,15498,15497.22972972973,1,3917.0,11410.0,False,171.0,0.9954954954954957,171.0
CWZOVUXMRN_f__MVMOFPVELT_f,222,6,True,4,169,False,0.5942269760572343,27,17493,18654,18014.022522522522,0,3928.0,13407.0,False,679.0225225225225,1.0,464.0
DNDTBYGQOW_f__JSJIXCXPII_f,222,3,False,2,221,True,0.0288307285595615,5,3071,3848,3074.5,221,736.0,2335.0,False,777.0,0.0045045045045045,768.0
DNDTBYGQOW_r__MQBRJIVJKG_r,222,4,False,3,219,False,0.0801863765077137,11,19919,20696,19929.5,219,737.0,19029.0,False,777.0,0.0135135135135135,923.0
DPJBZMTOEF_f__WCJONKLHBM_f,222,3,False,2,221,True,0.0288307285595615,5,28164,28941,28167.5,221,25397.0,2767.0,False,777.0,0.0045045045045045,768.0
DPJBZMTOEF_r__LOWYZIKPDZ_r,222,3,False,2,221,True,0.0288307285595615,5,26722,27498,26725.495495495496,221,25406.0,1316.0,False,776.0,0.0045045045045045,768.0
EJPOGALASQ_r__QRYVQHRCDP_r,222,3,False,3,220,False,0.0576410746762455,8,12253,13030,12260.0,220,9897.0,2356.0,False,777.0,0.009009009009009,768.0
EJPOGALASQ_f__KUIFCLFQSI_r,222,142,True,64,129,False,2.24832393756161,3552,52326,184612,108530.21171171172,0,9911.0,2757.0,False,95862.21171171172,1.0,399092.0
EJEMQMIILW_r__XIWJABIXEM_r,222,3,False,2,221,True,0.0288307285595615,5,3048,3825,3051.5,221,1888.0,1160.0,False,777.0,0.0045045045045045,768.0
EJEMQMIILW_f__LWQLAUQSCU_f,222,6,False,3,169,False,0.5719676693126685,12,9722,19702,12063.157657657655,0,1879.0,7260.0,False,2924.1576576576576,1.0,12011.0
EGYHVCAWLL_r__HZDABMLPJE_f,222,3,False,2,221,True,0.0288307285595615,5,18461,19238,18464.5,221,17651.0,810.0,False,777.0,0.0045045045045045,768.0
EGYHVCAWLL_f__NHKCAMVGSA_f,222,6,False,4,219,False,0.0864309457019475,19,36797,39805,36817.54954954955,219,17637.0,18724.0,False,1520.6666666666667,0.0135135135135135,4170.0
ECUNSSDDUZ_r__JFHWUQKCYR_r,222,4,True,5,103,False,1.2962622074454635,16,39527,39775,39647.32432432433,63,29631.0,9896.0,False,168.0,0.7162162162162162,111.0
ECUNSSDDUZ_f__XWQYUUGDGN_f,222,3,False,2,221,True,0.0288307285595615,5,31780,66921,31938.292792792792,221,29719.0,2061.0,False,35141.0,0.0045045045045045,35252.0
ECOWCWQMQJ_f__ZEJJQGEZHP_f,222,5,False,3,220,False,0.0576410746762455,11,2948,3724,2954.981981981982,220,1288.0,1374.0,False,775.0,0.009009009009009,1804.0
EBYIKMBRVE_r__PUSHEQNFCL_r,222,3,False,2,221,True,0.0288307285595615,5,2436,2800,2798.3603603603606,1,1857.0,579.0,False,364.0,0.9954954954954957,364.0
EBYIKMBRVE_f__VSCDQDGRHO_f,222,3,False,2,216,False,0.1242508373896308,5,2930,3314,3303.6216216216217,6,1857.0,1073.0,False,384.0,0.972972972972973,384.0
DZZSXIRRFM_r__FVXBUHYICJ_r,222,3,False,2,221,True,0.0288307285595615,5,3444,3709,3707.8063063063055,1,2582.0,862.0,False,265.0,0.9954954954954957,265.0
DYNPHLIMVT_f__HCFXQUVBMJ_f,222,3,False,2,221,True,0.0288307285595615,5,3429,5969,3440.4414414414414,221,1153.0,2276.0,False,2540.0,0.0045045045045045,2610.0
DWAEPOSFWS_f__SPDPCYMYDN_f,222,3,False,2,221,True,0.0288307285595615,5,7282,8722,7288.486486486487,221,2706.0,4576.0,False,1440.0,0.0045045045045045,1416.0
DVVYKKYAWE_f__IAOFBOJKOX_f,222,3,False,2,221,True,0.0288307285595615,5,10800,11577,10803.5,221,5286.0,5514.0,False,777.0,0.0045045045045045,768.0
DUDBSWXWSY_r__WGWTVRNGKK_f,222,11,False,7,170,False,0.7810183689314992,50,27739,79502,41709.842342342345,0,501.0,26166.0,False,15042.842342342345,1.0,56301.0
DUDBSWXWSY_f__VJEJDHVKTM_r,222,1,False,1,222,False,0.0,1,6928,6928,6928.0,222,6928.0,6928.0,True,,0.0,1186.0
DTVZLGOMLA_r__WJBYSSJHSE_r,222,3,False,2,221,True,0.0288307285595615,5,17616,19054,17622.477477477478,221,15934.0,1682.0,False,1438.0,0.0045045045045045,1416.0
DTNHTXEXWJ_r__QZJVOAHOBS_r,222,71,True,10,191,False,0.5833450184878743,218,8059,134173,21626.130630630632,0,6430.0,759.0,False,14331.13063063063,1.0,250219.0
DTNHTXEXWJ_f__YKNSROAGSI_f,222,3,False,2,221,True,0.0288307285595615,5,19333,20110,19336.5,221,6421.0,12912.0,False,777.0,0.0045045045045045,768.0
DSTCDJCESN_r__VGGCNZRXUG_r,222,3,False,2,221,True,0.0288307285595615,5,14495,15833,14501.027027027028,221,4218.0,10277.0,False,1338.0,0.0045045045045045,1329.0
DSTCDJCESN_f__SBTAELODZT_f,222,3,False,2,221,True,0.0288307285595615,5,7518,8294,7521.495495495496,221,4218.0,3300.0,False,776.0,0.0045045045045045,768.0
VZOKOXMBEZ_r__YUOECYBHUS_f,222,1,False,1,222,False,0.0,1,11587,11587,11587.0,222,11587.0,11587.0,True,,0.0,263.0
VZTFXIZVXB_f__YOCIMVGHSL_f,222,142,True,29,182,False,1.0454104549054533,1570,6156,79077,17201.486486486487,0,4162.0,793.0,False,12246.486486486489,1.0,275546.0
DSLXSJZSTL_f__GJOUKDYRJE_f,222,3,False,2,221,True,0.0288307285595615,5,9099,31596,9200.337837837838,221,497.0,8602.0,False,22497.0,0.0045045045045045,22527.0
DRPPNPOGXL_r__WZDCCWPRYS_r,222,3,False,2,221,True,0.0288307285595615,5,10422,10581,10580.283783783783,1,1311.0,9111.0,False,159.0,0.9954954954954957,159.0
QWMTKCOYQH_f__TYNDBFDKGO_r,222,3,False,2,221,True,0.0288307285595615,5,4656,5433,4659.5,221,667.0,3989.0,False,777.0,0.0045045045045045,768.0
TYURTJYUUV_f__XRXZJDDTTM_f,221,1,False,1,221,False,0.0,1,25233,25233,25233.0,221,25233.0,25233.0,True,,0.0,
XFUKGTZLAV_f__YBWQKVQGZE_f,221,41,True,39,122,False,1.998397969275756,1331,24830,54683,48849.466063348416,22,12384.0,12446.0,False,26674.884422110557,0.9004524886877828,38069.0
ZPIAIJAZDD_r__ZUHGCANVTN_f,221,1,False,1,221,False,0.0,1,22506,22506,22506.0,221,22506.0,22506.0,True,,0.0,5173.0
QJRASUKHLX_r__UHYGUNDBFL_f,221,86,False,12,196,False,0.5877079249551352,355,2902,50811,7379.334841628959,196,1522.0,1380.0,False,39579.64,0.1131221719457013,156336.0
IRXHOEIDDO_f__RVLRLPDSYQ_f,221,36,True,11,204,False,0.4315301244430248,187,60093,109797,70549.60180995475,0,5832.0,5181.0,False,59536.60180995475,1.0,184412.0
ATPWUNKKID_f__KKPYPKGMXA_f,221,109,True,35,186,False,0.9937501419169598,1235,28041,69407,33258.09954751131,186,21045.0,6996.0,False,32942.25714285715,0.1583710407239819,132374.0
BLEICFLMSM_f__EQHTXGCHGZ_f,221,1,False,1,221,False,0.0,1,4195,4195,4195.0,221,4195.0,4195.0,True,,0.0,
BLEICFLMSM_r__NEECSYVOPQ_r,221,3,False,2,220,True,0.0289407096737729,5,4915,6169,4920.6742081447965,220,3576.0,1339.0,False,1254.0,0.004524886877828,1550.0
BWEZXGGFBK_r__MVMOFPVELT_r,221,37,False,11,209,False,0.333364297070308,167,20946,56926,22331.66515837104,209,7319.0,13385.0,False,25519.33333333333,0.0542986425339366,57627.0
ELYKQDZNBM_f__KGJXRPELGX_r,221,5,False,3,218,False,0.0804875067252582,11,3103,5643,3121.5158371040725,218,826.0,2036.0,False,1364.0,0.0135746606334841,3634.0
ELYKQDZNBM_r__NHYWGMABYN_f,221,1,False,1,221,False,0.0,1,10892,10892,10892.0,221,10892.0,10892.0,True,,0.0,
EQHTXGCHGZ_f__YKRBMZRPTW_f,221,6,False,4,218,False,0.0867603318886966,16,1094,35068,1811.3212669683255,1,624.0,470.0,False,720.5818181818182,0.995475113122172,36922.0
EVCCMUBHOL_r__WNLYKTZGKW_f,221,11,True,8,110,False,1.226685266418593,61,12722,35662,34343.66968325792,0,11399.0,555.0,False,22389.66968325792,1.0,24680.0
QBGLNTNIEN_f__WDPQHEJPPO_f,221,1,False,1,221,False,0.0,1,14039,14039,14039.0,221,14039.0,14039.0,True,,0.0,
ADIVNXMSJF_f__SKCSCYCISB_f,221,1,False,1,221,False,0.0,1,8824,8824,8824.0,221,8824.0,8824.0,True,,0.0,
HOIZZDAEJL_r__KSXZRIJFEH_r,221,4,False,2,220,True,0.0289407096737729,6,16398,16489,16488.58823529412,0,7267.0,8943.0,False,278.5882352941176,1.0,5633.0
LATJWEMOFA_r__RYJVCTXEHC_r,221,1,False,1,221,False,0.0,1,12961,12961,12961.0,221,12961.0,12961.0,True,,0.0,
KYQOKYBCOW_r__XXIWNZXZTK_r,220,78,True,40,72,False,2.328819196004809,2081,42553,125161,79234.14545454546,0,13805.0,16094.0,False,44848.145454545454,1.0,133322.0
GPXHVRRZLC_f__ZLAJFQLBFQ_r,220,50,True,9,184,False,0.6257147253717429,214,5329,58185,13494.309090909092,184,4665.0,664.0,False,49899.11111111111,0.1636363636363636,115875.0
IFRPFFEGON_r__TCWDRAKLPS_r,220,94,True,68,46,False,3.2160359144055493,4622,15776,91489,54559.25454545455,0,3263.0,2071.0,False,48781.25454545455,1.0,145437.0
HEVMPTBCLE_r__XISLAJEPQB_f,220,1,False,1,220,False,0.0,1,22238,22238,22238.0,220,22238.0,22238.0,True,,0.0,
IHKFSQQUKE_r__KPBYGJHRZJ_f,220,210,True,83,49,False,3.544721574534119,6150,80994,198671,133901.7,0,710.0,7266.0,False,116717.7,1.0,444289.0
HEVMPTBCLE_f__UIKHOVSIJN_f,220,3,False,2,219,True,0.0290515971259356,5,18284,19061,18287.53181818182,219,1331.0,16953.0,False,777.0,0.0045454545454545,768.0
BKGMWIBGXJ_r__WGWTVRNGKK_r,220,6,True,4,217,False,0.0870924294510901,20,34196,34686,34440.586363636365,0,2687.0,27988.0,False,523.5863636363637,1.0,5687.0
SKPHAXSFLS_f__TORJAESOXF_f,220,43,True,6,213,False,0.1903192735416918,123,8213,56773,9084.831818181818,0,3209.0,1664.0,False,4211.831818181819,1.0,78810.0
EWEQPJREYX_r__WDXIDBBCPP_r,220,6,False,4,127,False,0.7849933150730548,18,10899,14422,11680.190909090908,0,6398.0,4329.0,False,953.1909090909091,1.0,3694.0
DSLXSJZSTL_r__QQSILILDBT_r,220,11,False,6,211,False,0.2292023737657729,36,2593,39405,4170.136363636364,1,499.0,1830.0,False,1584.337899543379,0.9954545454545456,45741.0
CYGJWOEQKN_r__EOBHADSLFU_r,220,3,False,2,212,False,0.1562101710618827,5,1313,2090,1341.2545454545457,212,615.0,698.0,False,777.0,0.0363636363636363,768.0
XXVMWZCEKI_r__YUOECYBHUS_r,219,344,True,137,27,False,4.438958668730573,19913,31534,266116,150802.29223744292,0,,10077.0,False,128981.29223744292,1.0,676356.0
JVNRLCFAVD_f__PLTCZQCVRD_r,218,282,True,74,89,False,2.840817407305688,7691,68295,388323,130313.76146788993,0,4954.0,15654.0,False,109705.76146788993,1.0,489482.0
RYYAQMEJGY_r__ZTHKZYHPIX_f,216,186,True,109,34,False,3.951224915382373,13251,20473,158220,106090.95833333331,0,,5634.0,False,99178.95833333331,1.0,333164.0
KGJXRPELGX_r__KIVDDRSTJR_r,215,15,True,16,189,False,0.649418894615905,296,15091,85283,16595.832558139537,0,5158.0,8231.0,False,2273.8325581395347,1.0,15381.0
JVNRLCFAVD_f__ZTHKZYHPIX_f,3,27,True,3,1,False,1.0986122886681096,66,67122,224212,136937.66666666666,0,9202.0,14019.0,False,76780.66666666667,1.0,215247.0
PLTCZQCVRD_f__RYYAQMEJGY_f,3,51,True,3,1,False,1.0986122886681096,86,101504,262276,170920.0,0,86470.0,2110.0,False,82340.0,1.0,248564.0
CYGJWOEQKN_r__TORJAESOXF_f,2,1,False,1,2,False,0.0,1,3887,3887,3887.0,2,3887.0,3887.0,True,,0.0,1682.0
RYYAQMEJGY_r__XXVMWZCEKI_f,2,1,False,1,2,False,0.0,1,92824,92824,92824.0,2,92824.0,92824.0,True,,0.0,77375.0
DSLXSJZSTL_r__KGJXRPELGX_f,2,7,True,2,1,True,0.6931471805599453,20,17092,20512,18802.0,0,1134.0,6426.0,False,4990.0,1.0,14789.0
HEVMPTBCLE_f__XISLAJEPQB_f,2,1,False,1,2,False,0.0,1,23007,23007,23007.0,2,23007.0,23007.0,True,,0.0,768.0
HEVMPTBCLE_r__UIKHOVSIJN_f,2,1,False,1,2,False,0.0,1,19061,19061,19061.0,2,19061.0,19061.0,True,,0.0,768.0
GPXHVRRZLC_f__KYQOKYBCOW_f,2,12,False,2,1,True,0.6931471805599453,18,65788,105315,85551.5,0,18606.0,29024.0,False,34255.5,1.0,100857.0
EOBHADSLFU_f__SKPHAXSFLS_r,2,1,False,1,2,False,0.0,1,7231,7231,7231.0,2,7231.0,7231.0,True,,0.0,3298.0
XXIWNZXZTK_f__ZLAJFQLBFQ_r,2,3,False,2,1,True,0.6931471805599453,6,83630,83630,83630.0,2,31644.0,48921.0,False,,0.0,73408.0
YUOECYBHUS_f__ZTHKZYHPIX_f,2,20,True,2,1,True,0.6931471805599453,35,66710,186048,126379.0,0,60232.0,5710.0,False,60437.0,1.0,160404.0
KIVDDRSTJR_f__QQSILILDBT_r,2,1,False,1,2,False,0.0,1,11508,11508,11508.0,2,11508.0,11508.0,True,,0.0,1447.0
