edge,n_iso,n_blocks,has_dupl,n_categories,majority_category,singleton,cat_entropy,n_nodes,min_length,max_length,mean_length,n_all_cores,core_left_length,core_right_length,transitive,nonempty_acc_len,nonempty_freq,tot_acc_len
HUTOPWFGVH_f__WJBYSSJHSE_f,222,5,False,3,218,False,0.10035413613342482,11,18176,18953,18189.108108108107,218,16280.0,1698.0,False,727.5,0.018018018018018018,1488
IZQZNHJQRQ_f__ZVPGGEJIIF_f,222,3,False,2,221,True,0.028830728559561508,5,11739,12516,11742.5,221,1529.0,10210.0,False,777.0,0.0045045045045045045,777
JNLRGIQXOF_f__YQUHGDANHE_f,222,3,False,2,221,True,0.028830728559561508,5,27949,29386,27955.472972972973,221,23708.0,4241.0,False,1437.0,0.0045045045045045045,1437
JMOMDSHCBS_r__SPDPCYMYDN_r,222,3,False,2,220,False,0.051396505482011766,5,7364,8141,7371.0,220,2780.0,4584.0,False,777.0,0.009009009009009009,777
JKRDVEYDGL_f__OTPJRRWJRK_f,222,3,False,2,221,True,0.028830728559561508,5,10056,48231,10227.95945945946,221,7295.0,2761.0,False,38175.0,0.0045045045045045045,38175
JJRRWBDVGH_f__TFKJQKVUKX_f,222,26,True,70,30,False,3.4516835490458986,2035,19236,28378,25497.067567567567,0,13033.0,5085.0,False,7379.0675675675675,1.0,8641
JJDDCMJGQE_r__ZUHGCANVTN_r,222,5,False,4,218,False,0.10895567894821959,19,19806,20583,19820.0,218,7419.0,11878.0,False,777.0,0.018018018018018018,777
JJDDCMJGQE_f__PJYKOTQZCQ_f,222,4,False,3,220,False,0.057641074676245505,11,10532,11308,10538.990990990991,220,7418.0,2677.0,False,776.0,0.009009009009009009,776
JHJVGMLICW_f__QHIDYNXVPV_f,222,3,False,2,221,True,0.028830728559561508,5,2643,3420,2646.5,221,1793.0,850.0,False,777.0,0.0045045045045045045,777
JFSHRUDEUI_r__YWYSIZWCPS_r,222,3,False,2,221,True,0.028830728559561508,5,10615,13623,10628.549549549549,221,9458.0,1157.0,False,3008.0,0.0045045045045045045,3008
JFSHRUDEUI_f__KKOJCLVXES_f,222,3,False,2,221,True,0.028830728559561508,5,28144,66279,28315.77927927928,221,9452.0,18692.0,False,38135.0,0.0045045045045045045,38135
JDUTVQBTFB_r__OPCCUBTDFQ_r,222,3,False,2,221,True,0.028830728559561508,5,26413,27667,26418.64864864865,221,2278.0,24135.0,False,1254.0,0.0045045045045045045,1254
JDUTVQBTFB_f__YOJVMARYCH_f,222,1,False,1,222,False,0.0,1,44036,44036,44036.0,222,44036.0,44036.0,True,,0.0,0
JDTWTXSWTH_f__UMJDNWQKXC_f,222,4,False,3,218,False,0.10035413613342482,9,11234,12769,11339.112612612613,3,7231.0,4003.0,False,106.55251141552512,0.9864864864864865,1535
IZQZNHJQRQ_r__YPDDEPKACD_r,222,3,False,2,221,True,0.028830728559561508,5,2324,3101,2327.5,221,1530.0,794.0,False,777.0,0.0045045045045045045,777
IZPPAJHCDB_r__YBWQKVQGZE_r,222,3,False,2,221,True,0.028830728559561508,5,19064,21604,19075.441441441442,221,6622.0,12442.0,False,2540.0,0.0045045045045045045,2540
JPYVXRYZLU_f__UUBXUCAQCF_f,222,3,False,2,221,True,0.028830728559561508,5,21947,22724,21950.5,221,14001.0,7946.0,False,777.0,0.0045045045045045045,777
IZPPAJHCDB_f__OOKLAQXFLW_f,222,7,False,5,206,False,0.30859255116212775,26,14736,18482,15954.626126126126,1,6538.0,,False,1224.1402714932126,0.9954954954954955,3859
IZBZUHLGQE_r__XIDWLBCHGM_r,222,3,False,2,221,True,0.028830728559561508,5,12585,13361,12588.495495495496,221,9969.0,2616.0,False,776.0,0.0045045045045045045,776
IZBYPELCGF_r__RVYEEDGLQI_r,222,3,False,2,221,True,0.028830728559561508,5,14752,17292,14763.441441441442,221,2291.0,12461.0,False,2540.0,0.0045045045045045045,2540
IZBYPELCGF_f__YNTFBMKXBV_f,222,4,False,3,220,False,0.057641074676245505,11,4169,4937,4175.918918918919,220,2301.0,1431.0,False,768.0,0.009009009009009009,768
IXLMXEMXWI_r__XRXZJDDTTM_r,222,3,False,2,218,False,0.09022197136551838,5,29821,30597,29834.981981981982,218,7218.0,22603.0,False,776.0,0.018018018018018018,776
IWNOJXIDQP_r__KCBEPSEUCA_f,222,3,False,2,220,False,0.051396505482011766,5,14408,15185,14415.0,220,5153.0,9255.0,False,777.0,0.009009009009009009,777
ITEMFVYTUE_r__JVDYVQZUBR_r,222,5,False,3,217,False,0.11897061086885923,10,4780,6612,5819.490990990991,0,1113.0,3447.0,False,1259.490990990991,1.0,2272
ITEMFVYTUE_f__PIVHURLJVP_f,222,5,False,3,220,False,0.057641074676245505,11,9146,16981,16429.400900900902,1,1076.0,8070.0,False,7316.3574660633485,0.9954954954954955,7835
ISADOQMCVR_r__JKXDSPORHF_r,222,3,True,2,221,True,0.028830728559561508,7,7855,8200,7856.554054054054,0,5702.0,1808.0,False,346.55405405405406,1.0,345
ISADOQMCVR_f__QHGKDXJCDB_f,222,3,False,2,214,False,0.15513504156545552,5,20543,22385,20609.37837837838,214,5936.0,14607.0,False,1842.0,0.036036036036036036,1842
IRXKDZITGA_r__UEFTCBAPAE_r,222,3,False,2,221,True,0.028830728559561508,5,37758,41812,37776.261261261265,221,6131.0,31627.0,False,4054.0,0.0045045045045045045,4054
IRXHOEIDDO_r__PZQINYLZXQ_f,222,3,False,2,221,True,0.028830728559561508,5,25556,26333,25559.5,221,5832.0,19724.0,False,777.0,0.0045045045045045045,777
SUTPFZJSZW_r__XWQYUUGDGN_r,222,4,False,3,220,False,0.057641074676245505,11,10400,11177,10407.0,220,8085.0,2076.0,False,777.0,0.009009009009009009,777
JNLRGIQXOF_r__LOWYZIKPDZ_f,222,4,False,4,201,False,0.36043741555189623,11,25021,26314,25046.662162162163,201,,1325.0,False,271.2857142857143,0.0945945945945946,1394
JPYVXRYZLU_r__PTUQIACJXK_r,222,3,False,2,221,True,0.028830728559561508,5,15425,17965,15436.441441441442,221,14002.0,1423.0,False,2540.0,0.0045045045045045045,2540
QXRGVLICMC_r__RQUTOCWADD_r,222,3,False,2,220,False,0.051396505482011766,5,4375,5152,4382.0,220,3586.0,789.0,False,777.0,0.009009009009009009,777
SBTAELODZT_f__YYFLULYKQO_f,222,3,False,2,221,True,0.028830728559561508,5,7524,43624,7686.612612612613,221,3291.0,4233.0,False,36100.0,0.0045045045045045045,36100
KPBYGJHRZJ_f__PTUISUDLZT_f,222,5,True,3,220,False,0.057641074676245505,15,10397,11933,10407.378378378378,220,7229.0,2286.0,False,1152.0,0.009009009009009009,768
KLARMMLEPU_r__WBEPREVZIH_f,222,5,False,3,210,False,0.24067990658985275,12,43535,45846,44181.09459459459,9,40092.0,3222.0,False,673.3943661971831,0.9594594594594594,2311
KLARMMLEPU_f__OJTZQVKWWG_r,222,3,False,2,220,False,0.051396505482011766,5,40780,42033,40791.28828828829,220,40095.0,685.0,False,1253.0,0.009009009009009009,1253
KLALYXYDKQ_r__MEHHGHHPUN_r,222,3,False,2,221,True,0.028830728559561508,5,1960,2736,1963.4954954954956,221,512.0,1448.0,False,776.0,0.0045045045045045045,776
RYJVCTXEHC_r__STVEZQVFDI_r,222,3,False,2,220,False,0.051396505482011766,5,13875,14651,13881.990990990991,220,9147.0,4728.0,False,776.0,0.009009009009009009,776
KKPYPKGMXA_f__VCAVVOUNDI_f,222,3,False,2,221,True,0.028830728559561508,5,11724,18064,11752.558558558558,221,6994.0,4730.0,False,6340.0,0.0045045045045045045,6340
KJFGXXNSDH_r__RVYEEDGLQI_f,222,3,False,2,221,True,0.028830728559561508,5,16955,19495,16966.441441441442,221,4495.0,12460.0,False,2540.0,0.0045045045045045045,2540
RYLMYMEVBL_f__WFTVPHITVT_f,222,3,False,2,221,True,0.028830728559561508,5,16594,17371,16597.5,221,4311.0,12283.0,False,777.0,0.0045045045045045045,777
RYTHIAUQXY_f__YELGYGVCLQ_f,222,3,False,2,221,True,0.028830728559561508,5,12715,13787,12719.82882882883,221,2184.0,10531.0,False,1072.0,0.0045045045045045045,1072
RYYAQMEJGY_f__XKJZBXCDPZ_f,222,7,False,6,122,False,1.182480720832963,27,10446,15737,11931.216216216217,18,,3504.0,False,1616.264705882353,0.918918918918919,5514
RZMPAZJQBO_r__TQBHYEMDFE_r,222,3,False,2,221,True,0.028830728559561508,5,18618,19395,18621.5,221,17843.0,775.0,False,777.0,0.0045045045045045045,777
SAMESKIMAJ_r__UZIELDGMRQ_r,222,3,False,2,221,True,0.028830728559561508,5,1535,2311,1538.4954954954956,221,1012.0,523.0,False,776.0,0.0045045045045045045,776
KGWWUZQEKD_r__UXLELLOQVR_r,222,3,True,6,180,False,0.7221985248424216,34,38656,39490,38916.46846846847,0,33513.0,5004.0,False,399.4684684684685,1.0,139
SFNIQHXIST_f__YSKQIEWBCG_f,222,6,False,3,204,False,0.29879852784896493,12,15488,20257,15792.585585585586,0,5411.0,8351.0,False,2030.5855855855855,1.0,8221
JSJIXCXPII_f__QQTMQNQWDS_r,222,5,False,3,220,False,0.057641074676245505,13,7990,8760,7995.9009009009005,0,2325.0,5171.0,False,235.9009009009009,1.0,1000
SFNIQHXIST_r__TJOBMLQRFA_r,222,26,False,11,143,False,1.0457122385231556,148,14814,26994,22799.396396396398,0,5412.0,6350.0,False,11037.396396396396,1.0,37513
SHLDLTAVZA_r__SVIVJSLGHF_r,222,3,False,2,221,True,0.028830728559561508,5,34111,34888,34114.5,221,1539.0,32572.0,False,777.0,0.0045045045045045045,777
SIHIJVBWQQ_r__YHLTNASHXN_r,222,3,False,2,221,True,0.028830728559561508,5,6999,7776,7002.5,221,1013.0,5986.0,False,777.0,0.0045045045045045045,777
SKOEJARTYD_r__WOIFFBRCTD_f,222,3,False,2,221,True,0.028830728559561508,5,24339,25677,24345.027027027027,221,23389.0,950.0,False,1338.0,0.0045045045045045045,1338
KDNDVPYXTO_f__WXGURNWKVZ_f,222,6,False,4,217,False,0.1291027756367657,19,15939,18479,15964.279279279279,217,8390.0,6280.0,False,1122.4,0.02252252252252252,3308
KCBEPSEUCA_f__RPRBRFQSUF_f,222,5,False,3,220,False,0.057641074676245505,12,12156,14178,12522.855855855856,1,9256.0,2575.0,False,368.5158371040724,0.9954954954954955,2022
KBLPANZOCZ_f__SQNSKWKRZK_f,222,4,False,3,220,False,0.057641074676245505,8,7412,45753,7589.531531531532,220,6329.0,1083.0,False,19706.0,0.009009009009009009,39412
KAIPBNCIHR_r__WXCHSHHCDT_f,222,149,True,28,148,False,1.41924756696383,1326,4105,52083,17654.202702702703,148,2324.0,1528.0,False,40647.60810810811,0.3333333333333333,175465
KAIPBNCIHR_f__ZWPXXGKXGL_r,222,5,False,3,220,False,0.057641074676245505,11,3118,4371,3127.1441441441443,220,2323.0,573.0,False,1015.0,0.009009009009009009,2030
JVNRLCFAVD_r__WOIFFBRCTD_r,222,4,False,3,186,False,0.4638212401480231,8,5843,8383,5870.522522522522,186,,960.0,False,169.72222222222223,0.16216216216216217,2642
SOPFFTTIKI_r__XPVMPHROHI_r,222,6,False,3,219,False,0.08018637650771378,13,16647,71849,16950.414414414416,219,3454.0,12947.0,False,22452.666666666668,0.013513513513513514,58306
STVEZQVFDI_r__XWBZCZLFKX_r,222,3,False,2,221,True,0.028830728559561508,5,7068,8270,7073.414414414415,221,4731.0,2337.0,False,1202.0,0.0045045045045045045,1202
STWSZJXKDU_f__TBXDQEZMBI_f,222,4,False,3,200,False,0.34142312735967034,8,3251,31902,5964.725225225226,200,2432.0,819.0,False,27383.954545454544,0.0990990990990991,29427
IOOFKXBSGN_r__WGHTAJLAAQ_r,222,4,False,3,219,False,0.08018637650771378,11,8343,9110,8353.364864864865,219,1908.0,6163.0,False,767.0,0.013513513513513514,767
IOOFKXBSGN_f__JFTSMYGWDT_f,222,10,True,11,102,False,1.3929618089710567,123,3727,5970,5013.4324324324325,0,1907.0,1229.0,False,1877.4324324324325,1.0,2470
INKPVVPGWC_r__WPHCKAWLWJ_r,222,8,False,6,216,False,0.16643219979615537,37,8268,12387,9365.707207207208,0,2051.0,5449.0,False,1865.7072072072071,1.0,5655
HHRCVCXKIA_r__TJDPHITKZG_r,222,3,False,2,219,False,0.07158483369291901,5,15397,16174,15407.5,219,13362.0,2035.0,False,777.0,0.013513513513513514,777
HNSDVUFIXW_r__YJSEGEHASG_r,222,3,False,2,221,True,0.028830728559561508,5,59753,60530,59756.5,221,1496.0,58257.0,False,777.0,0.0045045045045045045,777
HNSDVUFIXW_f__VZUPNYKAKQ_f,222,3,False,2,221,True,0.028830728559561508,5,7951,9383,7957.45045045045,221,1496.0,6455.0,False,1432.0,0.0045045045045045045,1432
HNIWKGNLBM_r__VSATFZMIKW_f,222,3,False,2,221,True,0.028830728559561508,5,11609,12386,11612.5,221,9334.0,2275.0,False,777.0,0.0045045045045045045,777
HMHDANERBU_r__IZBZUHLGQE_r,222,6,True,10,107,False,1.161373061075945,54,12021,12449,12363.90990990991,0,1742.0,10044.0,False,577.9099099099099,1.0,552
HMHDANERBU_f__JYWYLUXXVS_r,222,3,False,2,221,True,0.028830728559561508,5,19242,20018,19245.495495495496,221,1734.0,17508.0,False,776.0,0.0045045045045045045,776
HMGOSWQWLP_r__SHLDLTAVZA_r,222,12,True,9,91,False,1.267408523179275,118,22139,26008,23551.671171171172,0,19510.0,1547.0,False,2002.6711711711712,1.0,4586
HMGOSWQWLP_f__MEHCNXCRXO_f,222,3,False,2,221,True,0.028830728559561508,5,23584,36533,23642.328828828828,221,19488.0,4096.0,False,12949.0,0.0045045045045045045,12949
HLZGFRDRSW_r__SYQZDBITDR_r,222,4,False,2,221,True,0.028830728559561508,6,40105,40261,40105.7027027027,0,38604.0,889.0,False,612.7027027027027,1.0,1380
HLLLVEXLHF_r__NBVDTPUFKL_f,222,12,False,6,166,False,0.7001039642969142,38,21941,56276,23066.135135135137,0,3591.0,9305.0,False,9811.135135135135,1.0,59285
HLDRILYIZH_r__YSKQIEWBCG_r,222,4,False,2,221,True,0.028830728559561508,6,10985,11059,11058.666666666666,0,1868.0,8350.0,False,840.6666666666666,1.0,1608
HLDRILYIZH_f__XNYZXWCUST_f,222,6,False,5,131,False,1.22816675285755,21,4948,5370,5197.2027027027025,18,1852.0,2815.0,False,271.19117647058823,0.918918918918919,537
HKKMVAAVLK_r__KJFGXXNSDH_r,222,3,False,2,221,True,0.028830728559561508,5,6697,30231,6803.009009009009,221,2198.0,4499.0,False,23534.0,0.0045045045045045045,23534
HKKMVAAVLK_f__YXFAUSIPGJ_r,222,3,False,2,173,False,0.5278186410815746,5,4744,4862,4770.045045045045,173,2114.0,2630.0,False,118.0,0.22072072072072071,118
HHRCVCXKIA_f__NDFRQBCFCG_f,222,3,False,2,221,True,0.028830728559561508,5,27129,64365,27296.72972972973,221,13364.0,13765.0,False,37236.0,0.0045045045045045045,37236
INKPVVPGWC_f__RPKQPTEKVL_f,222,3,False,2,221,True,0.028830728559561508,5,14737,15990,14742.644144144144,221,2050.0,12687.0,False,1253.0,0.0045045045045045045,1253
HGLZELNDVS_r__ZEJJQGEZHP_r,222,3,False,2,221,True,0.028830728559561508,5,3802,4578,3805.4954954954956,221,2419.0,1383.0,False,776.0,0.0045045045045045045,776
HGLZELNDVS_f__OCLLBLOTSW_f,222,3,False,2,221,True,0.028830728559561508,5,3538,4315,3541.5,221,2420.0,1118.0,False,777.0,0.0045045045045045045,777
HGEIMZYRCU_r__SDWAYYASVR_r,222,3,False,2,221,True,0.028830728559561508,5,21934,23595,21941.481981981982,221,18225.0,3709.0,False,1661.0,0.0045045045045045045,1661
HGEIMZYRCU_f__LMHHHLNVVA_f,222,3,False,2,221,True,0.028830728559561508,5,18879,19656,18882.5,221,18229.0,650.0,False,777.0,0.0045045045045045045,777
TONPLIFLWF_r__YRROIHFKBD_r,222,3,False,2,221,True,0.028830728559561508,5,46843,49383,46854.44144144144,221,6588.0,40255.0,False,2540.0,0.0045045045045045045,2540
TYNDBFDKGO_r__YELGYGVCLQ_r,222,3,False,2,221,True,0.028830728559561508,5,14520,15296,14523.495495495496,221,3979.0,10541.0,False,776.0,0.0045045045045045045,776
UEFTCBAPAE_r__WHVMROPOZM_r,222,3,False,2,221,True,0.028830728559561508,5,41987,83846,42175.55405405405,221,31628.0,10359.0,False,41859.0,0.0045045045045045045,41859
HEDBBNUKLU_r__VSCDQDGRHO_r,222,37,False,34,122,False,1.6464862918420196,935,8112,38249,22644.81081081081,0,2043.0,1073.0,False,17504.81081081081,1.0,47284
HEBBNFDQZB_r__IOAGCZFIPS_f,222,8,True,11,171,False,0.9559868523952235,57,17259,17776,17657.662162162163,0,8858.0,8187.0,False,612.6621621621622,1.0,849
HEBBNFDQZB_f__QQTMQNQWDS_f,222,3,False,2,221,True,0.028830728559561508,5,14029,17073,14042.711711711712,221,8859.0,5170.0,False,3044.0,0.0045045045045045045,3044
HCFXQUVBMJ_f__YXFAUSIPGJ_f,222,3,False,2,221,True,0.028830728559561508,5,4817,5889,4821.828828828829,221,2274.0,2543.0,False,1072.0,0.0045045045045045045,1072
HAEXIMTKOL_r__PHPNFXNTAW_r,222,3,False,2,221,True,0.028830728559561508,5,4229,5006,4232.5,221,1808.0,2421.0,False,777.0,0.0045045045045045045,777
HAEXIMTKOL_f__WOHPWXHUSI_f,222,1,False,1,222,False,0.0,1,12071,12071,12071.0,222,12071.0,12071.0,True,,0.0,0
HOIZZDAEJL_f__VGYXZAWOLD_f,222,1,False,1,222,False,0.0,1,29536,29536,29536.0,222,29536.0,29536.0,True,,0.0,0
TLVFRBMGBC_r__YUMHUOWTXQ_f,222,48,False,6,217,False,0.1439488876457942,136,9793,47971,10630.193693693695,217,1680.0,8113.0,False,37171.4,0.02252252252252252,67667
TKVTTLAACL_f__ZIFDFWWRCE_r,222,3,False,2,221,True,0.028830728559561508,5,6544,7320,6547.495495495496,221,6027.0,517.0,False,776.0,0.0045045045045045045,776
HUIGUZLHBJ_r__YRROIHFKBD_f,222,3,False,2,221,True,0.028830728559561508,5,41243,41851,41848.261261261265,1,987.0,40256.0,False,608.0,0.9954954954954955,608
IMAMHFLCWS_f__RKAOKULCFF_f,222,12,True,10,166,False,0.8028452091342896,101,20846,30584,27031.945945945947,0,9961.0,8668.0,False,8402.945945945947,1.0,11955
ILYDRBOPRK_r__JRRJHZVADX_r,222,11,True,23,130,False,1.5705256383665647,184,6544,11018,7040.815315315315,0,1417.0,4547.0,False,1076.8153153153153,1.0,5579
ILYDRBOPRK_f__ULVIPOHWTC_f,222,4,False,3,212,False,0.19830210517636676,8,3473,4301,3481.2297297297296,212,,2056.0,False,182.7,0.04504504504504504,939
IIFSSHHHUK_r__TFKJQKVUKX_r,222,3,False,2,221,True,0.028830728559561508,5,10937,12246,10942.896396396396,221,5822.0,5115.0,False,1309.0,0.0045045045045045045,1309
IIFSSHHHUK_f__RJJWLWHZAS_f,222,12,True,8,215,False,0.20138379607296641,75,10861,63688,12084.490990990991,0,5870.0,3694.0,False,2311.490990990991,1.0,57339
SXLMEITLHA_f__ZKKSOYXZSQ_f,222,5,False,3,218,False,0.10035413613342482,11,8201,72511,9329.063063063064,218,1762.0,6439.0,False,62607.5,0.018018018018018018,64310
SXOFMAMNHV_r__YKRBMZRPTW_r,222,4,False,3,193,False,0.4071776848292676,8,6457,7231,6483.5675675675675,193,5995.0,,False,203.3793103448276,0.13063063063063063,957
IHKFSQQUKE_f__OSWZJWLTWJ_f,222,8,True,5,218,False,0.11520024814245333,37,20541,58698,20790.711711711712,0,710.0,4106.0,False,15974.711711711712,1.0,54659
IHERCMJOSU_f__JJRRWBDVGH_f,222,3,False,2,199,False,0.3329295121130703,5,26445,27891,26594.81081081081,199,13417.0,13028.0,False,1446.0,0.1036036036036036,1446
SYQZDBITDR_r__WDPQHEJPPO_r,222,5,False,3,219,False,0.08018637650771378,11,10255,31680,10521.644144144144,219,888.0,9367.0,False,19731.666666666668,0.013513513513513514,21425
TBXDQEZMBI_f__TKVTTLAACL_f,222,3,False,2,221,True,0.028830728559561508,5,6856,7633,6859.5,221,829.0,6027.0,False,777.0,0.0045045045045045045,777
TJDPHITKZG_r__UMJDNWQKXC_r,222,3,False,2,221,True,0.028830728559561508,5,5988,6816,5991.72972972973,221,2025.0,3963.0,False,828.0,0.0045045045045045045,828
IFRPFFEGON_f__LSBXOCNNHO_f,222,3,False,2,221,True,0.028830728559561508,5,4258,6798,4269.441441441441,221,3271.0,987.0,False,2540.0,0.0045045045045045045,2540
IECMBOPPYU_f__RXNPYLXNHX_f,222,3,False,2,221,True,0.028830728559561508,5,1936,2713,1939.5,221,1292.0,644.0,False,777.0,0.0045045045045045045,777
IDVMNNRNJQ_r__UUBXUCAQCF_r,222,3,False,2,221,True,0.028830728559561508,5,11893,12670,11896.5,221,3948.0,7945.0,False,777.0,0.0045045045045045045,777
IDVMNNRNJQ_f__PIDFVIHRFN_r,222,4,False,3,220,False,0.057641074676245505,9,8984,10994,9659.0,1,3948.0,5036.0,False,678.0542986425339,0.9954954954954955,2010
IDAZXSKCHH_f__TWATEWRZLR_f,222,3,False,2,221,True,0.028830728559561508,5,5736,6512,5739.495495495496,221,918.0,4818.0,False,776.0,0.0045045045045045045,776
IAOFBOJKOX_f__NSJRIJGVOG_r,222,7,False,5,217,False,0.13770431845156045,28,16355,17693,16370.972972972973,0,5514.0,9949.0,False,435.97297297297297,1.0,2520
IANJWCNSRC_r__VZUPNYKAKQ_r,222,3,False,2,221,True,0.028830728559561508,5,8583,9892,8588.896396396396,221,843.0,7740.0,False,1309.0,0.0045045045045045045,1309
IANJWCNSRC_f__YXSCHJRBEK_f,222,1,False,1,222,False,0.0,1,9220,9220,9220.0,222,9220.0,9220.0,True,,0.0,0
IAMXLIYGOQ_r__WXGURNWKVZ_r,222,6,False,3,169,False,0.5719676693126685,13,13883,15136,13986.085585585586,0,6575.0,6289.0,False,730.0855855855856,1.0,2923
IAAEMJLVAI_f__SXLMEITLHA_f,222,3,False,2,221,True,0.028830728559561508,5,3709,6774,3722.8063063063064,221,1953.0,1756.0,False,3065.0,0.0045045045045045045,3065
HXXODERGHH_r__NHKCAMVGSA_r,222,3,False,2,221,True,0.028830728559561508,5,25397,27203,25405.135135135137,221,6674.0,18723.0,False,1806.0,0.0045045045045045045,1806
HUTOPWFGVH_r__XTIATMKKQL_r,222,3,False,2,221,True,0.028830728559561508,5,17996,18773,17999.5,221,16279.0,1717.0,False,777.0,0.0045045045045045045,777
TJJBZTAYLC_f__YVEVUPDYEE_f,222,3,False,2,221,True,0.028830728559561508,5,21229,22005,21232.495495495496,221,12386.0,8843.0,False,776.0,0.0045045045045045045,776
HUOLOAHNMF_r__IECMBOPPYU_f,222,3,False,2,221,True,0.028830728559561508,5,2262,3039,2265.5,221,980.0,1282.0,False,777.0,0.0045045045045045045,777
HUOLOAHNMF_f__NFUBAVIKFJ_r,222,3,False,2,221,True,0.028830728559561508,5,1770,2546,1773.4954954954956,221,987.0,783.0,False,776.0,0.0045045045045045045,776
RTZVEJWRIR_r__UHYGUNDBFL_r,222,3,False,2,162,False,0.5835274717778098,5,13360,14072,13879.567567567568,60,11979.0,1381.0,False,712.0,0.7297297297297297,712
KSXZRIJFEH_r__SIHIJVBWQQ_r,222,3,False,2,221,True,0.028830728559561508,5,8052,46257,8224.094594594595,221,7037.0,1015.0,False,38205.0,0.0045045045045045045,38205
KUDTBWWBJE_f__YSEMYTMKWD_f,222,4,False,2,221,True,0.028830728559561508,6,6802,7060,6803.1621621621625,0,4952.0,1340.0,False,511.1621621621622,1.0,1278
OBEJYXNUDN_r__ZTHKZYHPIX_r,222,7,False,4,151,False,0.8413041839652372,21,11333,30457,12990.585585585586,0,3546.0,5701.0,False,3636.5855855855857,1.0,23876
OURQVJZAZZ_f__UTYAQKFQDH_f,222,4,False,2,201,False,0.31304108587198165,6,2212,2726,2677.3783783783783,0,639.0,806.0,False,1232.3783783783783,1.0,2048
OUOJHXPPLZ_r__WVXKPXNUHD_r,222,3,False,2,221,True,0.028830728559561508,5,34784,37760,34797.40540540541,221,9123.0,25661.0,False,2976.0,0.0045045045045045045,2976
OUOJHXPPLZ_f__XTIATMKKQL_f,222,3,False,2,221,True,0.028830728559561508,5,10835,60150,11057.13963963964,221,9123.0,1712.0,False,49315.0,0.0045045045045045045,49315
OSURYAORCR_r__XXVQEZNBQB_f,222,3,False,2,221,True,0.028830728559561508,5,14246,16776,14257.396396396396,221,6306.0,7940.0,False,2530.0,0.0045045045045045045,2530
OSURYAORCR_f__RVLRLPDSYQ_r,222,5,False,4,219,False,0.08643094570194752,15,11658,12996,11671.027027027027,219,6315.0,5241.0,False,964.0,0.013513513513513514,2115
ORYIQTMOCW_f__QCVLIGSQQB_f,222,3,False,2,221,True,0.028830728559561508,5,4554,5382,4557.72972972973,221,3205.0,1349.0,False,828.0,0.0045045045045045045,828
OLUEEZMVIH_r__PWDSOBLBPO_r,222,5,False,3,220,False,0.057641074676245505,11,20051,23798,20072.707207207208,220,5837.0,14010.0,False,2409.5,0.009009009009009009,4819
OJTZQVKWWG_r__UEAYJKMKRY_r,222,3,False,2,221,True,0.028830728559561508,5,5274,6051,5277.5,221,676.0,4598.0,False,777.0,0.0045045045045045045,777
OHDZQPGPWN_f__YVITOTFSEE_f,222,4,False,3,218,False,0.10035413613342482,11,4460,5275,4474.684684684685,218,2926.0,1316.0,False,815.0,0.018018018018018018,815
OEVZKEMGLO_r__SQNSKWKRZK_r,222,5,False,3,220,False,0.057641074676245505,12,5150,15362,14562.846846846847,0,3308.0,1082.0,False,10172.846846846847,1.0,10972
OEVZKEMGLO_f__UXLELLOQVR_f,222,6,False,4,210,False,0.24088264141908627,16,8225,14703,13909.585585585586,1,3307.0,,False,5710.307692307692,0.9954954954954955,6584
ODKXGAOIUQ_r__RZMPAZJQBO_r,222,3,False,2,220,False,0.051396505482011766,5,25016,25792,25022.99099099099,220,7181.0,17835.0,False,776.0,0.009009009009009009,776
ODKXGAOIUQ_f__YNFGSNJILT_f,222,3,False,2,221,True,0.028830728559561508,5,18179,18956,18182.5,221,7182.0,10997.0,False,777.0,0.0045045045045045045,777
OBEJYXNUDN_f__TJOBMLQRFA_f,222,3,False,2,221,True,0.028830728559561508,5,9861,10638,9864.5,221,3545.0,6316.0,False,777.0,0.0045045045045045045,777
NHYPOXAZSV_r__NNMCFJQNVX_r,222,3,False,2,221,True,0.028830728559561508,5,11168,12367,11173.4009009009,221,4818.0,6350.0,False,1199.0,0.0045045045045045045,1199
NZXBIFMPMA_r__WFHRDCDOMG_r,222,3,False,2,221,True,0.028830728559561508,5,4469,5246,4472.5,221,3764.0,705.0,False,777.0,0.0045045045045045045,777
NXMETPNVGP_r__YOCIMVGHSL_r,222,3,False,2,214,False,0.15513504156545552,5,3318,4087,3345.711711711712,214,2506.0,812.0,False,769.0,0.036036036036036036,769
NXMETPNVGP_f__WYYPRCOBHQ_r,222,6,False,4,219,False,0.08643094570194752,22,4601,15714,14906.31981981982,0,2525.0,861.0,False,11073.31981981982,1.0,11881
NXDMMBMCUJ_r__UPOMFHGEIC_r,222,3,False,2,221,True,0.028830728559561508,5,1626,2403,1629.5,221,643.0,983.0,False,777.0,0.0045045045045045045,777
NWCEHPYUOF_r__RXNPYLXNHX_r,222,3,False,2,221,True,0.028830728559561508,5,1854,2631,1857.5,221,1200.0,654.0,False,777.0,0.0045045045045045045,777
NSJRIJGVOG_r__QHGKDXJCDB_r,222,3,False,2,221,True,0.028830728559561508,5,24556,54623,24691.436936936938,221,9950.0,14606.0,False,30067.0,0.0045045045045045045,30067
NRUWWZSIIO_r__URGBYGHEXB_r,222,3,False,2,221,True,0.028830728559561508,5,5416,42988,5585.243243243243,221,4893.0,523.0,False,37572.0,0.0045045045045045045,37572
NRUWWZSIIO_f__YQUHGDANHE_r,222,6,False,4,168,False,0.5995664723858753,12,9230,14086,9394.626126126126,0,4886.0,4241.0,False,267.6261261261261,1.0,6053
NPQDSPAYII_r__PNGMFIQRPL_r,222,3,False,2,221,True,0.028830728559561508,5,23294,25834,23305.441441441442,221,12229.0,11065.0,False,2540.0,0.0045045045045045045,2540
NPQDSPAYII_f__VJEJDHVKTM_f,222,3,False,2,221,True,0.028830728559561508,5,17470,18182,17473.207207207208,221,12230.0,5240.0,False,712.0,0.0045045045045045045,712
NOAJDCSIVA_f__NZXBIFMPMA_r,222,6,False,5,112,False,1.0846478572470062,22,22388,24695,23356.369369369368,81,18464.0,3749.0,False,1524.6666666666667,0.6351351351351351,2307
NNMCFJQNVX_r__VFXLTFSKTV_f,222,3,False,2,221,True,0.028830728559561508,5,8686,9463,8689.5,221,6341.0,2345.0,False,777.0,0.0045045045045045045,777
NKVSUZGURN_f__ZLLQQUXUIP_f,222,9,False,3,220,False,0.057641074676245505,16,12585,24037,12686.86936936937,220,7907.0,4678.0,False,11307.5,0.009009009009009009,12722
OWCPAELREV_f__URGBYGHEXB_f,222,6,False,3,167,False,0.5823615927368339,12,4400,22066,5264.175675675676,0,3556.0,553.0,False,1155.1756756756756,1.0,18248
OWCPAELREV_r__YGYJJNMGPS_r,222,1,False,1,222,False,0.0,1,6093,6093,6093.0,222,6093.0,6093.0,True,,0.0,0
OZLYYMOKWU_f__PCDWLGUYCB_f,222,3,False,3,219,False,0.08018637650771378,8,3758,4575,3769.0405405405404,219,964.0,2794.0,False,817.0,0.013513513513513514,817
PHPNFXNTAW_r__XXVMWZCEKI_r,222,7,False,5,158,False,0.6700047650577178,22,14327,18241,16609.5,0,2430.0,,False,2396.5,1.0,4246
QTNOMKLZAU_r__YMOQOUYRSV_r,222,3,False,3,218,False,0.10035413613342482,8,13863,14631,13876.837837837838,218,8857.0,5006.0,False,768.0,0.018018018018018018,768
QTNOMKLZAU_f__ZZSDXSBTYG_f,222,4,False,3,197,False,0.3708556409275297,9,21628,22841,21758.585585585584,24,,12913.0,False,146.41414141414143,0.8918918918918919,1213
QSECVMMRIA_r__ZIFDFWWRCE_f,222,5,False,4,169,False,0.6101533843293668,16,1969,5032,2177.162162162162,169,1215.0,518.0,False,871.9245283018868,0.23873873873873874,3063
QQXNMUYDNS_r__ZFYFAGFPQE_r,222,3,False,2,221,True,0.028830728559561508,5,29369,30145,29372.495495495496,221,14530.0,14839.0,False,776.0,0.0045045045045045045,776
QQLFXKORNH_r__TUJRNXXQZV_r,222,3,False,2,221,True,0.028830728559561508,5,8260,8368,8367.513513513513,1,6735.0,1525.0,False,108.0,0.9954954954954955,108
QOZGCUDAAI_f__ZKNDLZPYCI_f,222,3,False,2,221,True,0.028830728559561508,5,12205,12982,12208.5,221,10670.0,1535.0,False,777.0,0.0045045045045045045,777
QNVVEFTBVQ_r__TLVFRBMGBC_r,222,11,False,6,217,False,0.1439488876457942,43,18183,55863,18646.135135135137,0,1694.0,3924.0,False,1223.1351351351352,1.0,42244
QLKLQMYUEK_r__YMOQOUYRSV_f,222,3,False,2,221,True,0.028830728559561508,5,6428,7204,6431.495495495496,221,1421.0,5007.0,False,776.0,0.0045045045045045045,776
QLKLQMYUEK_f__SVGDCUWZRJ_f,222,3,False,2,221,True,0.028830728559561508,5,69126,69288,69287.27027027027,1,1422.0,67704.0,False,162.0,0.9954954954954955,162
RKAOKULCFF_f__VFXLTFSKTV_r,222,136,True,26,148,False,1.3990680692693176,713,21027,106417,45550.13963963964,0,8666.0,2336.0,False,34548.13963963964,1.0,241803
QJRASUKHLX_f__TCWDRAKLPS_f,222,5,False,4,215,False,0.1651351944415677,15,3739,6446,3801.545045045045,215,1347.0,2087.0,False,1983.5714285714287,0.03153153153153153,4570
QHIDYNXVPV_f__QXRGVLICMC_r,222,3,False,2,221,True,0.028830728559561508,5,4426,5498,4430.828828828829,221,851.0,3575.0,False,1072.0,0.0045045045045045045,1072
QBLLBRLBSY_r__YSEMYTMKWD_r,222,3,False,2,221,True,0.028830728559561508,5,4518,5295,4521.5,221,3177.0,1341.0,False,777.0,0.0045045045045045045,777
QBLLBRLBSY_f__WVXKPXNUHD_f,222,1,False,1,222,False,0.0,1,34272,34272,34272.0,222,34272.0,34272.0,True,,0.0,0
RNYSWPAVAU_r__SKOEJARTYD_r,222,3,True,4,203,False,0.3381344644739046,14,39716,40034,39920.36036036036,1,16337.0,23379.0,False,205.28506787330318,0.9954954954954955,106
RPKQPTEKVL_f__TJTLWATQFF_r,222,3,False,2,221,True,0.028830728559561508,5,14523,15300,14526.5,221,12677.0,1846.0,False,777.0,0.0045045045045045045,777
PUSHEQNFCL_r__WFTVPHITVT_r,222,3,False,2,221,True,0.028830728559561508,5,12853,13283,13281.063063063064,1,577.0,12276.0,False,430.0,0.9954954954954955,430
PTUQIACJXK_r__XDZOAXPBLI_r,222,3,False,2,221,True,0.028830728559561508,5,5969,6746,5972.5,221,1415.0,4554.0,False,777.0,0.0045045045045045045,777
PTQCXBETCD_r__YXSCHJRBEK_r,222,4,False,3,220,False,0.057641074676245505,11,10204,10981,10211.0,220,2154.0,7724.0,False,777.0,0.009009009009009009,777
PNGMFIQRPL_r__XKCACMGLJG_f,222,3,False,2,220,False,0.051396505482011766,5,37566,38342,37572.99099099099,220,11056.0,26510.0,False,776.0,0.009009009009009009,776
RPRBRFQSUF_f__ZBZDOJCZKQ_f,222,3,True,2,221,True,0.028830728559561508,7,8041,8530,8043.2027027027025,0,2566.0,4986.0,False,491.2027027027027,1.0,489
RQUTOCWADD_r__TFLHNUOVEU_r,222,3,False,2,221,True,0.028830728559561508,5,11211,11987,11214.495495495496,221,791.0,10420.0,False,776.0,0.0045045045045045045,776
PLBKKTRTJE_r__YFJXDRHGLL_r,222,3,False,2,221,True,0.028830728559561508,5,12551,13623,12555.82882882883,221,10447.0,2104.0,False,1072.0,0.0045045045045045045,1072
PLBKKTRTJE_f__WYYPRCOBHQ_f,222,3,False,2,221,True,0.028830728559561508,5,11304,12080,11307.495495495496,221,10444.0,860.0,False,776.0,0.0045045045045045045,776
PJYKOTQZCQ_f__XNUJCMVIGS_f,222,1,False,1,222,False,0.0,1,6528,6528,6528.0,222,6528.0,6528.0,True,,0.0,0
PICWJBPWDZ_r__SEDXXNCRYL_r,222,3,False,2,221,True,0.028830728559561508,5,18406,19183,18409.5,221,6034.0,12372.0,False,777.0,0.0045045045045045045,777
PICWJBPWDZ_f__ZLAJFQLBFQ_f,222,3,False,2,221,True,0.028830728559561508,5,6699,7476,6702.5,221,6035.0,664.0,False,777.0,0.0045045045045045045,777
NHYWGMABYN_f__TFLHNUOVEU_f,222,5,False,3,219,False,0.08018637650771378,11,20476,61556,24121.63963963964,2,10064.0,10412.0,False,3678.7818181818184,0.990990990990991,41080
NHYPOXAZSV_f__TUJRNXXQZV_f,222,3,False,2,221,True,0.028830728559561508,5,6338,42158,6499.351351351352,221,4821.0,1517.0,False,35820.0,0.0045045045045045045,35820
KUDTBWWBJE_r__NBVDTPUFKL_r,222,3,False,2,221,True,0.028830728559561508,5,14257,15034,14260.5,221,4942.0,9315.0,False,777.0,0.0045045045045045045,777
LBNAYIUADV_f__UZPMAGGISX_f,222,3,False,2,220,False,0.051396505482011766,5,21215,24718,21246.558558558558,220,8295.0,12920.0,False,3503.0,0.009009009009009009,3503
LPUDKVLVUB_r__XISLAJEPQB_r,222,3,False,2,221,True,0.028830728559561508,5,25043,25819,25046.495495495496,221,4137.0,20906.0,False,776.0,0.0045045045045045045,776
LODCSSRYYQ_r__QQZHEZDFNF_r,222,4,False,3,220,False,0.057641074676245505,11,5261,6021,5267.846846846847,220,3519.0,1372.0,False,760.0,0.009009009009009009,760
LODCSSRYYQ_f__PUGROJSRNQ_r,222,3,False,2,221,True,0.028830728559561508,5,7567,8344,7570.5,221,3509.0,4058.0,False,777.0,0.0045045045045045045,777
LNBURBEGYE_r__NFZHJZUNUE_r,222,3,False,2,219,False,0.07158483369291901,5,3754,4531,3764.5,219,2927.0,827.0,False,777.0,0.013513513513513514,777
LMHHHLNVVA_f__TEQWAIXLNE_f,222,3,False,2,221,True,0.028830728559561508,5,1366,2143,1369.5,221,650.0,716.0,False,777.0,0.0045045045045045045,777
LGOKMQPFVQ_f__XNYZXWCUST_r,222,92,False,10,209,False,0.3434902990224859,341,7585,57869,10271.621621621622,209,4790.0,2795.0,False,45879.230769230766,0.05855855855855856,162918
LGHIOJDCCR_r__VRVWQAMLYI_r,222,3,False,2,221,True,0.028830728559561508,5,10946,49594,11120.09009009009,221,9710.0,1236.0,False,38648.0,0.0045045045045045045,38648
LGHIOJDCCR_f__WGHTAJLAAQ_f,222,3,False,2,221,True,0.028830728559561508,5,15864,16640,15867.495495495496,221,9709.0,6155.0,False,776.0,0.0045045045045045045,776
LFZGFSBAPK_r__QRYVQHRCDP_f,222,18,True,11,128,False,1.1352514305850132,139,2938,43940,31756.036036036036,54,592.0,2346.0,False,38080.97619047619,0.7567567567567568,41791
LFZGFSBAPK_f__ZTKIBWAINE_f,222,6,False,4,219,False,0.08643094570194752,20,1736,39308,2243.7297297297296,219,593.0,1143.0,False,37572.0,0.013513513513513514,37572
LFLCYTAXPM_r__SXOFMAMNHV_r,222,11,True,7,214,False,0.21522375988723189,77,9699,50960,11094.112612612613,214,3712.0,5987.0,False,38714.375,0.036036036036036036,40439
LELSLSXUJD_f__MXGPCKRKDO_f,222,4,False,2,150,False,0.6300861445587914,6,32352,32868,32700.64864864865,0,10291.0,21937.0,False,472.64864864864865,1.0,764
LBNAYIUADV_r__OHDZQPGPWN_f,222,3,False,2,220,False,0.051396505482011766,5,11226,11328,11327.081081081082,2,8298.0,2928.0,False,102.0,0.990990990990991,102
RQWYEDDQZU_f__RYTHIAUQXY_f,222,22,False,4,207,False,0.2897135784285529,35,3440,50336,4691.315315315315,207,1209.0,2231.0,False,18519.466666666667,0.06756756756756757,78724
NFUBAVIKFJ_r__XPWJUXEWXE_r,222,3,False,2,221,True,0.028830728559561508,5,13224,14001,13227.5,221,781.0,12443.0,False,777.0,0.0045045045045045045,777
RQWYEDDQZU_r__YMBQLXNBIS_r,222,3,False,2,221,True,0.028830728559561508,5,8619,9395,8622.495495495496,221,1209.0,7410.0,False,776.0,0.0045045045045045045,776
LATJWEMOFA_f__QBGLNTNIEN_f,222,4,False,3,220,False,0.057641074676245505,11,8604,9381,8611.0,220,3813.0,4680.0,False,777.0,0.009009009009009009,777
RTZVEJWRIR_f__XDNOEMXHOO_r,222,4,False,3,220,False,0.057641074676245505,11,13768,14545,13775.0,220,11979.0,1478.0,False,777.0,0.009009009009009009,777
KWPZDDFHSF_r__PTUISUDLZT_r,222,4,False,3,220,False,0.057641074676245505,11,26999,27759,27005.846846846845,220,24454.0,2287.0,False,760.0,0.009009009009009009,760
KWPZDDFHSF_f__QVAQRRBQVP_f,222,3,False,2,221,True,0.028830728559561508,5,49328,107372,49589.45945945946,221,24441.0,24887.0,False,58044.0,0.0045045045045045045,58044
KWNRIUDCDY_r__WFTJCBOVZL_f,222,9,False,5,218,False,0.11520024814245333,29,10121,19631,16616.84234234234,1,3960.0,6161.0,False,6525.235294117647,0.9954954954954955,11637
KWNRIUDCDY_f__NFZHJZUNUE_f,222,3,False,2,221,True,0.028830728559561508,5,4788,5565,4791.5,221,3969.0,819.0,False,777.0,0.0045045045045045045,777
KVZHMABUDN_r__SXDHEWPAWT_r,222,3,False,2,220,False,0.051396505482011766,5,5079,7619,5101.882882882883,220,3173.0,1906.0,False,2540.0,0.009009009009009009,2540
KVZHMABUDN_f__VOCDMCENAJ_f,222,5,False,3,218,False,0.10271110975398584,11,3945,4721,3956.324324324324,218,3172.0,644.0,False,628.5,0.018018018018018018,1257
KUYFFMDYBH_r__KYQOKYBCOW_r,222,3,False,2,221,True,0.028830728559561508,5,17938,18715,17941.5,221,4138.0,13800.0,False,777.0,0.0045045045045045045,777
KURGFARMPR_r__RJJWLWHZAS_r,222,10,False,6,217,False,0.1439488876457942,47,9686,67042,11921.977477477478,0,3009.0,3695.0,False,4848.977477477478,1.0,60737
KURGFARMPR_f__NBRIDDKSIX_f,222,3,False,2,221,True,0.028830728559561508,5,5959,7031,5963.828828828829,221,3010.0,2949.0,False,1072.0,0.0045045045045045045,1072
KUIFCLFQSI_r__TWATEWRZLR_r,222,3,False,2,221,True,0.028830728559561508,5,7575,8352,7578.5,221,2747.0,4828.0,False,777.0,0.0045045045045045045,777
LRPZIYPPND_r__VTCLZJNIFI_f,222,4,True,4,110,False,0.7833278256163276,17,14425,14765,14725.720720720721,0,1840.0,12415.0,False,470.72072072072075,1.0,270
LSBXOCNNHO_f__STWSZJXKDU_f,222,9,False,3,216,False,0.13642816735899047,16,3376,32026,4142.22972972973,216,995.0,2381.0,False,28350.5,0.02702702702702703,33799
LSXWAAQWNO_f__UIRDNIZHWO_r,222,6,True,3,220,False,0.057641074676245505,15,11091,25216,11158.09009009009,220,7744.0,3232.0,False,7447.0,0.009009009009009009,12587
LSXWAAQWNO_r__WFTJCBOVZL_r,222,5,False,4,219,False,0.08643094570194752,19,14271,15039,14281.378378378378,219,7725.0,6171.0,False,768.0,0.013513513513513514,768
NFBBASIHND_f__QQZHEZDFNF_f,222,3,False,2,220,False,0.051396505482011766,5,2338,3651,2349.828828828829,220,971.0,1367.0,False,1313.0,0.009009009009009009,1313
NEECSYVOPQ_r__OSWZJWLTWJ_r,222,3,False,2,221,True,0.028830728559561508,5,5148,5859,5151.2027027027025,221,1041.0,4107.0,False,711.0,0.0045045045045045045,711
MZUXHCDAHB_r__WPWEZCITMI_f,222,3,False,2,221,True,0.028830728559561508,5,12740,13517,12743.5,221,12019.0,721.0,False,777.0,0.0045045045045045045,777
MZUXHCDAHB_f__VWDEPLURXS_f,222,3,False,2,221,True,0.028830728559561508,5,23901,25347,23907.513513513513,221,12027.0,11874.0,False,1446.0,0.0045045045045045045,1446
MXDBTXHFHJ_r__RTTKAJVARC_r,222,3,False,2,221,True,0.028830728559561508,5,9556,15270,9581.738738738739,221,1893.0,7663.0,False,5714.0,0.0045045045045045045,5714
MXDBTXHFHJ_f__WPWEZCITMI_r,222,4,False,3,220,False,0.057641074676245505,8,2713,3779,2721.2972972972975,220,1894.0,819.0,False,921.0,0.009009009009009009,1842
MUWGUWCDTU_r__UTYAQKFQDH_r,222,3,False,2,221,True,0.028830728559561508,5,4048,4825,4051.5,221,3244.0,804.0,False,777.0,0.0045045045045045045,777
MUWGUWCDTU_f__ZKKSOYXZSQ_r,222,5,False,3,219,False,0.08018637650771378,11,10169,11605,10185.436936936936,219,3244.0,6448.0,False,1216.3333333333333,0.013513513513513514,2213
MRLECGPUYI_r__SUBPWPQDFD_r,222,3,True,3,206,False,0.28612068031197674,9,3177,3407,3285.7837837837837,14,2407.0,770.0,False,116.10576923076923,0.9369369369369369,115
MRLECGPUYI_f__QQLFXKORNH_r,222,3,False,2,221,True,0.028830728559561508,5,9147,10496,9153.076576576577,221,2408.0,6739.0,False,1349.0,0.0045045045045045045,1349
MRDJEEINGI_r__NXDMMBMCUJ_r,222,3,False,2,221,True,0.028830728559561508,5,4337,5590,4342.644144144144,221,3695.0,642.0,False,1253.0,0.0045045045045045045,1253
MRDJEEINGI_f__PHTUBOWZWA_r,222,4,False,2,221,True,0.028830728559561508,6,5378,6055,6051.95045045045,0,3694.0,916.0,False,1441.9504504504505,1.0,2213
MQQJQQCKYE_r__NSABNEFPLA_r,222,1,False,1,222,False,0.0,1,36970,36970,36970.0,222,36970.0,36970.0,True,,0.0,0
MQBRJIVJKG_r__TQBHYEMDFE_f,222,3,False,2,221,True,0.028830728559561508,5,19802,20579,19805.5,221,19029.0,773.0,False,777.0,0.0045045045045045045,777
MPNWYFWMOG_r__RNYSWPAVAU_r,222,3,False,2,221,True,0.028830728559561508,5,16888,17246,17244.38738738739,1,539.0,16349.0,False,358.0,0.9954954954954955,358
MPNWYFWMOG_f__OURQVJZAZZ_f,222,4,False,3,220,False,0.057641074676245505,8,1191,1967,1197.7027027027027,220,604.0,587.0,False,744.0,0.009009009009009009,1488
MGMIGHAJSL_r__MQQJQQCKYE_r,222,3,False,3,218,False,0.10035413613342482,8,8766,10156,8791.045045045044,218,3333.0,5433.0,False,1390.0,0.018018018018018018,1390
MGMIGHAJSL_f__QGDRSQCGSH_f,222,3,False,2,221,True,0.028830728559561508,5,5318,6095,5321.5,221,3335.0,1983.0,False,777.0,0.0045045045045045045,777
MFKARJGFFB_f__UNPTZNKWVD_f,222,3,False,2,221,True,0.028830728559561508,5,21674,23246,23238.91891891892,1,11306.0,10368.0,False,1572.0,0.9954954954954955,1572
MEHHGHHPUN_r__NBRIDDKSIX_r,222,3,False,2,221,True,0.028830728559561508,5,4385,7602,4399.490990990991,221,1435.0,2950.0,False,3217.0,0.0045045045045045045,3217
MEHCNXCRXO_f__WPHCKAWLWJ_f,222,3,False,2,221,True,0.028830728559561508,5,9545,10798,9550.644144144144,221,4092.0,5453.0,False,1253.0,0.0045045045045045045,1253
LZZLBNNDDA_f__TJJBZTAYLC_f,222,3,False,2,221,True,0.028830728559561508,5,15788,17021,15793.554054054053,221,1996.0,13792.0,False,1233.0,0.0045045045045045045,1233
LYIOXHYOKA_r__OLUEEZMVIH_r,222,3,False,2,221,True,0.028830728559561508,5,9570,45069,9729.905405405405,221,3723.0,5847.0,False,35499.0,0.0045045045045045045,35499
LYIOXHYOKA_f__UXPSNWWHML_f,222,3,False,3,220,False,0.057641074676245505,8,9917,11400,9930.36036036036,220,3732.0,6185.0,False,1483.0,0.009009009009009009,1483
LWRCACRWJW_r__PIVHURLJVP_r,222,3,False,2,221,True,0.028830728559561508,5,9756,13462,13445.306306306305,1,1687.0,8069.0,False,3706.0,0.9954954954954955,3706
LWRCACRWJW_f__UJBGATQZSS_f,222,8,False,6,210,False,0.26966786032224743,26,3417,9646,8630.698198198199,0,1686.0,,False,5718.698198198198,1.0,7344
LTVDYXJODN_f__XIDWLBCHGM_f,222,3,False,2,221,True,0.028830728559561508,5,4207,4983,4210.495495495496,221,1590.0,2617.0,False,776.0,0.0045045045045045045,776
GXPNFHPAJW_f__ZEWJRLKRRP_f,222,3,False,2,180,False,0.48504514255633646,5,3058,3291,3102.0810810810813,180,1011.0,2047.0,False,233.0,0.1891891891891892,233
GTBGXRLKIO_r__YVITOTFSEE_r,222,3,False,2,221,True,0.028830728559561508,5,2341,3594,2346.6441441441443,221,1023.0,1318.0,False,1253.0,0.0045045045045045045,1253
GTBGXRLKIO_f__SDWAYYASVR_f,222,3,False,2,221,True,0.028830728559561508,5,4740,4887,4886.3378378378375,1,1008.0,3732.0,False,147.0,0.9954954954954955,147
BPVPACRZPN_r__SXDHEWPAWT_f,222,3,False,2,216,False,0.12425083738963087,5,9239,10671,9277.702702702703,216,7327.0,1912.0,False,1432.0,0.02702702702702703,1432
WVWXPHACBJ_f__YWSGZOAHNX_f,222,3,False,2,221,True,0.028830728559561508,5,50206,51278,50210.82882882883,221,23243.0,26963.0,False,1072.0,0.0045045045045045045,1072
BWEZXGGFBK_f__SKCSCYCISB_r,222,3,False,2,221,True,0.028830728559561508,5,11873,12597,11876.261261261261,221,7318.0,4555.0,False,724.0,0.0045045045045045045,724
BVYIWUHBUT_r__GAIVNEGFHR_r,222,3,True,4,150,False,0.8480313657549933,18,6666,7251,7028.77027027027,0,2890.0,3581.0,False,557.7702702702703,1.0,195
BVYIWUHBUT_f__ZGDFXVNQXV_r,222,3,False,2,221,True,0.028830728559561508,5,9256,10711,10704.445945945947,1,2890.0,6366.0,False,1455.0,0.9954954954954955,1455
BVVBLHLFVH_r__SHWWGBTMMM_r,222,3,False,2,220,False,0.051396505482011766,5,13591,14368,13598.0,220,558.0,13033.0,False,777.0,0.009009009009009009,777
BVVBLHLFVH_f__SAMESKIMAJ_r,222,3,False,2,221,True,0.028830728559561508,5,1579,2356,1582.5,221,568.0,1011.0,False,777.0,0.0045045045045045045,777
BUSCALJOVG_r__LWQLAUQSCU_r,222,3,False,2,221,True,0.028830728559561508,5,11105,11881,11108.495495495496,221,3840.0,7265.0,False,776.0,0.0045045045045045045,776
BUSCALJOVG_f__HLLLVEXLHF_r,222,3,False,2,219,False,0.07158483369291901,5,7439,9332,7464.581081081081,219,3856.0,3583.0,False,1893.0,0.013513513513513514,1893
BTXAZDJJLH_r__GOSFXHIPVD_r,222,3,False,2,170,False,0.5443422122111141,5,2452,5041,3058.4324324324325,170,1784.0,668.0,False,2589.0,0.23423423423423423,2589
BTXAZDJJLH_f__WBVPCGKUTV_f,222,5,False,3,218,False,0.10035413613342482,11,5979,8519,6019.238738738739,218,1775.0,3871.0,False,2233.25,0.018018018018018018,3853
BRZJUAZYZF_f__NOAJDCSIVA_f,222,4,False,2,170,False,0.5443422122111141,6,20036,21883,20468.630630630632,0,1473.0,18456.0,False,539.6306306306307,1.0,2061
BRGTVFLEGY_r__GJOUKDYRJE_r,222,3,False,2,221,True,0.028830728559561508,5,21450,22227,21453.5,221,12846.0,8604.0,False,777.0,0.0045045045045045045,777
BRGTVFLEGY_f__QWMTKCOYQH_f,222,3,False,2,221,True,0.028830728559561508,5,13521,14298,13524.5,221,12863.0,658.0,False,777.0,0.0045045045045045045,777
BPVPACRZPN_f__EYYBBUUUVB_f,222,3,False,2,221,True,0.028830728559561508,5,8539,13643,13620.009009009009,1,7326.0,1213.0,False,5104.0,0.9954954954954955,5104
BWLQZIEPEC_r__HUIGUZLHBJ_r,222,3,False,2,221,True,0.028830728559561508,5,3917,4983,3921.801801801802,221,2929.0,988.0,False,1066.0,0.0045045045045045045,1066
BPPZAYYVKM_r__DCRZLNKVGV_r,222,3,False,2,221,True,0.028830728559561508,5,14843,16696,14851.346846846847,221,6953.0,7890.0,False,1853.0,0.0045045045045045045,1853
BPPZAYYVKM_f__JRRJHZVADX_f,222,4,False,3,220,False,0.057641074676245505,10,11706,12474,11711.936936936936,0,6954.0,4534.0,False,223.93693693693695,1.0,986
BOKLLFOQQG_r__LLBCNVRABS_r,222,8,False,5,218,False,0.11520024814245333,31,32431,36573,34044.15315315315,0,7452.0,23729.0,False,2382.153153153153,1.0,5680
BOKLLFOQQG_f__WXBUSEEMMM_f,222,3,False,2,221,True,0.028830728559561508,5,23710,27420,23726.711711711712,221,7454.0,16256.0,False,3710.0,0.0045045045045045045,3710
BNIGRCVPML_f__BRZJUAZYZF_f,222,3,True,2,221,True,0.028830728559561508,8,2572,3358,3354.4594594594596,0,706.0,1473.0,False,1175.4594594594594,1.0,393
BMNMWSPCQG_r__FHAPZVUFCF_r,222,3,False,2,220,False,0.051396505482011766,5,15561,17222,15575.963963963964,220,10660.0,4901.0,False,1661.0,0.009009009009009009,1661
BMNMWSPCQG_f__QZJVOAHOBS_f,222,3,False,2,221,True,0.028830728559561508,5,11419,12195,11422.495495495496,221,10669.0,750.0,False,776.0,0.0045045045045045045,776
WVWXPHACBJ_r__YPDDEPKACD_f,222,3,False,2,221,True,0.028830728559561508,5,24039,24816,24042.5,221,23253.0,786.0,False,777.0,0.0045045045045045045,777
WZDCCWPRYS_r__XNUJCMVIGS_r,222,3,False,2,220,False,0.051396505482011766,5,11790,12567,11797.0,220,9095.0,2695.0,False,777.0,0.009009009009009009,777
XFUKGTZLAV_r__YNTFBMKXBV_r,222,3,False,2,221,True,0.028830728559561508,5,13827,16367,13838.441441441442,221,12395.0,1432.0,False,2540.0,0.0045045045045045045,2540
XPVMPHROHI_r__ZTKIBWAINE_r,222,3,False,3,219,False,0.08018637650771378,8,14186,15715,14206.662162162162,219,13038.0,1148.0,False,1529.0,0.013513513513513514,1529
XXVQEZNBQB_f__YMBQLXNBIS_f,222,3,False,2,221,True,0.028830728559561508,5,15340,16649,15345.896396396396,221,7939.0,7401.0,False,1309.0,0.0045045045045045045,1309
BKGMWIBGXJ_f__PHTUBOWZWA_f,222,3,False,2,221,True,0.028830728559561508,5,3602,4940,3608.027027027027,221,2697.0,905.0,False,1338.0,0.0045045045045045045,1338
BWLQZIEPEC_f__TJTLWATQFF_f,222,3,False,2,221,True,0.028830728559561508,5,4766,5543,4769.5,221,2921.0,1845.0,False,777.0,0.0045045045045045045,777
BWLSGNSKRI_f__SHWWGBTMMM_f,222,3,False,2,221,True,0.028830728559561508,5,14083,14859,14086.495495495496,221,1060.0,13023.0,False,776.0,0.0045045045045045045,776
GPXHVRRZLC_r__LZZLBNNDDA_f,222,4,False,3,220,False,0.057641074676245505,10,7064,7840,7069.2027027027025,0,4657.0,2010.0,False,402.2027027027027,1.0,1173
CIJXPFLBBX_f__DTVZLGOMLA_r,222,4,False,3,219,False,0.08018637650771378,11,18065,18842,18075.5,219,1923.0,15924.0,False,777.0,0.013513513513513514,777
CURWDAFDCZ_f__SOPFFTTIKI_r,222,1,False,1,222,False,0.0,1,15792,15792,15792.0,222,15792.0,15792.0,True,,0.0,0
CTWLDYAKJU_r__FQGXEWGAMU_r,222,22,False,5,216,False,0.15783065698136062,53,5908,55192,6987.756756756757,216,2977.0,2652.0,False,39951.0,0.02702702702702703,72076
CTWLDYAKJU_f__RYLMYMEVBL_f,222,3,False,2,221,True,0.028830728559561508,5,7297,8363,7301.801801801802,221,2969.0,4328.0,False,1066.0,0.0045045045045045045,1066
CRALSVTFTC_r__DZZSXIRRFM_r,222,4,False,3,220,False,0.057641074676245505,11,12336,13105,12342.927927927927,220,9478.0,2592.0,False,769.0,0.009009009009009009,769
CRALSVTFTC_f__VKGJGCHOXW_f,222,4,False,2,221,True,0.028830728559561508,6,13189,13739,13191.477477477478,0,9489.0,3484.0,False,218.47747747747746,1.0,982
CMIDHIUKEW_r__GCKPIDOUOW_r,222,5,False,4,148,False,0.6841756832855903,16,7319,11121,9055.252252252252,72,2832.0,4487.0,False,2569.653333333333,0.6756756756756757,3802
CMIDHIUKEW_f__JFHWUQKCYR_f,222,13,True,10,152,False,1.1037909422348675,122,16398,28978,26904.77927927928,0,2802.0,9814.0,False,14288.779279279279,1.0,12557
CKQWWCGPVC_r__LGOKMQPFVQ_f,222,6,True,7,148,False,0.922483638208321,26,5705,6249,6203.045045045045,2,934.0,4771.0,False,502.57272727272726,0.990990990990991,556
CKQWWCGPVC_f__YGYJJNMGPS_f,222,3,False,2,221,True,0.028830728559561508,5,3413,41981,3586.7297297297296,221,924.0,2489.0,False,38568.0,0.0045045045045045045,38568
CKJJDCVHOP_r__SQYOENFQOY_r,222,3,False,2,221,True,0.028830728559561508,5,28127,28904,28130.5,221,2243.0,25884.0,False,777.0,0.0045045045045045045,777
CIRMBUYJFK_r__IAMXLIYGOQ_r,222,3,False,2,221,True,0.028830728559561508,5,10074,10851,10077.5,221,3489.0,6585.0,False,777.0,0.0045045045045045045,777
CIRMBUYJFK_f__CWCCKOQCWZ_r,222,41,True,33,129,False,1.6004824019901098,1004,21762,67898,54594.33783783784,0,3488.0,2990.0,False,48116.33783783784,1.0,107528
CIJXPFLBBX_r__YOJVMARYCH_r,222,3,False,2,221,True,0.028830728559561508,5,38325,74223,38486.7027027027,221,1929.0,36396.0,False,35898.0,0.0045045045045045045,35898
CGSVFFCAQH_r__UIKHOVSIJN_r,222,3,False,2,221,True,0.028830728559561508,5,28171,28948,28174.5,221,11219.0,16952.0,False,777.0,0.0045045045045045045,777
BWLSGNSKRI_r__CKJJDCVHOP_r,222,3,False,2,221,True,0.028830728559561508,5,3312,4089,3315.5,221,1049.0,2263.0,False,777.0,0.0045045045045045045,777
CGSVFFCAQH_f__ORYIQTMOCW_f,222,3,False,2,218,False,0.09022197136551838,5,14433,15686,14455.576576576577,218,11229.0,3204.0,False,1253.0,0.018018018018018018,1253
CGQZOLYSTD_r__ZLLQQUXUIP_r,222,88,False,12,169,False,1.0010912359031499,410,6596,94256,18629.62162162162,169,1917.0,4679.0,False,50404.981132075474,0.23873873873873874,129434
CGQZOLYSTD_f__GNKAUAIAPT_f,222,3,False,2,221,True,0.028830728559561508,5,20325,22865,20336.441441441442,221,1909.0,18416.0,False,2540.0,0.0045045045045045045,2540
CCKNZTKJDD_r__SVGDCUWZRJ_r,222,5,False,3,220,False,0.057641074676245505,11,73482,74917,73491.96396396396,220,5504.0,67714.0,False,1106.0,0.009009009009009009,2212
CCBTELCMAW_r__FZZJSRRGUR_r,222,22,False,12,156,False,0.9024467457676096,153,11065,17919,13488.463963963964,0,1485.0,891.0,False,11112.463963963964,1.0,33308
CCBTELCMAW_f__XDNOEMXHOO_f,222,6,False,4,212,False,0.2124439468997329,18,3431,4208,3438.1801801801803,0,1477.0,,False,331.1801801801802,1.0,1430
CAWJDIUFZQ_r__OTPJRRWJRK_r,222,12,True,8,210,False,0.3110228710613226,97,10319,48064,12348.472972972973,210,7558.0,2761.0,False,37545.25,0.05405405405405406,37671
CAWJDIUFZQ_f__ZWPXXGKXGL_f,222,3,False,2,221,True,0.028830728559561508,5,8128,9382,8133.648648648648,221,7555.0,573.0,False,1254.0,0.0045045045045045045,1254
CAPUVXKIHV_r__OWNWVIRSZP_r,222,3,False,2,220,False,0.051396505482011766,5,7439,8216,7446.0,220,648.0,6791.0,False,777.0,0.009009009009009009,777
BZABGBSTKN_r__CCKNZTKJDD_r,222,3,False,2,221,True,0.028830728559561508,5,7014,10761,7030.878378378378,221,1504.0,5510.0,False,3747.0,0.0045045045045045045,3747
BZABGBSTKN_f__KRWMLFOZYV_f,222,3,False,2,220,False,0.051396505482011766,5,7923,8888,8879.306306306305,2,1507.0,6416.0,False,965.0,0.990990990990991,965
BXDANYEZUN_r__VQTSEJSIBI_r,222,3,False,2,221,True,0.028830728559561508,5,5661,43730,5832.481981981982,221,4091.0,1570.0,False,38069.0,0.0045045045045045045,38069
BXDANYEZUN_f__WXBUSEEMMM_r,222,3,False,2,221,True,0.028830728559561508,5,20347,25232,20369.004504504504,221,4090.0,16257.0,False,4885.0,0.0045045045045045045,4885
BHUNYKXPJG_r__QSPABZAPOJ_r,222,3,False,2,221,True,0.028830728559561508,5,19975,21410,19981.463963963964,221,8788.0,11187.0,False,1435.0,0.0045045045045045045,1435
BHUNYKXPJG_f__PLTCZQCVRD_f,222,3,False,2,221,True,0.028830728559561508,5,24444,27856,24459.369369369368,221,8790.0,15654.0,False,3412.0,0.0045045045045045045,3412
BHKETMHIEF_f__DCXMFWGYAY_r,222,16,True,11,210,False,0.33211355226458483,132,30196,53185,45385.761261261265,0,23256.0,4053.0,False,18076.76126126126,1.0,27481
AKVWSEINLE_r__JHJVGMLICW_f,222,3,False,2,221,True,0.028830728559561508,5,8718,10842,8727.567567567568,221,6926.0,1792.0,False,2124.0,0.0045045045045045045,2124
AQOVQHWFSE_f__KIVDDRSTJR_f,222,4,False,2,221,True,0.028830728559561508,6,12754,13060,13058.621621621622,0,3755.0,8231.0,False,1072.6216216216217,1.0,1842
APTPEYOMPI_r__GRXLFRUXHG_f,222,3,False,2,221,True,0.028830728559561508,5,26382,27818,26388.46846846847,221,24728.0,1654.0,False,1436.0,0.0045045045045045045,1436
APTPEYOMPI_f__BNIGRCVPML_f,222,4,False,3,220,False,0.057641074676245505,8,25460,44340,25548.545045045044,220,24767.0,693.0,False,9828.5,0.009009009009009009,19657
AOMYVKXUJH_r__WDXIDBBCPP_f,222,3,False,2,220,False,0.051396505482011766,5,19043,19820,19050.0,220,14714.0,4329.0,False,777.0,0.009009009009009009,777
AOMYVKXUJH_f__DVVYKKYAWE_f,222,3,False,2,221,True,0.028830728559561508,5,20008,23017,20021.554054054053,221,14721.0,5287.0,False,3009.0,0.0045045045045045045,3009
ANHYQUDQAA_r__IMAMHFLCWS_f,222,35,False,8,192,False,0.5465683104819633,140,39936,76983,44757.64414414414,192,29974.0,9962.0,False,35680.166666666664,0.13513513513513514,48945
ANHYQUDQAA_f__PZQINYLZXQ_r,222,5,False,5,215,False,0.18029311486970412,19,50116,53128,50150.45945945946,215,29930.0,19699.0,False,1092.857142857143,0.03153153153153153,3785
ALUPKVLFTO_r__GZNSNVCHYD_r,222,3,False,2,221,True,0.028830728559561508,5,7739,8516,7742.5,221,3824.0,3915.0,False,777.0,0.0045045045045045045,777
ALUPKVLFTO_f__YFJXDRHGLL_f,222,3,False,2,221,True,0.028830728559561508,5,5932,7364,5938.45045045045,221,3825.0,2107.0,False,1432.0,0.0045045045045045045,1432
ALEPDGQBYO_r__HBZGGMQJNE_r,222,5,False,3,219,False,0.08018637650771378,12,7408,30230,9027.238738738739,1,822.0,6352.0,False,1626.5656108597284,0.9954954954954955,22822
ALEPDGQBYO_f__KGWWUZQEKD_r,222,8,False,5,180,False,0.548573159533117,26,34783,36256,34909.0990990991,39,813.0,33512.0,False,152.97267759562843,0.8243243243243243,3559
ALEITXQZYY_r__DRPPNPOGXL_r,222,1,False,1,222,False,0.0,1,11691,11691,11691.0,222,11691.0,11691.0,True,,0.0,0
ALEITXQZYY_f__MFKARJGFFB_f,222,71,False,7,215,False,0.19513922687873264,192,20615,68187,21964.333333333332,215,9301.0,11314.0,False,42793.142857142855,0.03153153153153153,117687
AKVWSEINLE_f__QQSILILDBT_f,222,3,False,2,221,True,0.028830728559561508,5,8755,46893,8926.792792792792,221,6932.0,1823.0,False,38138.0,0.0045045045045045045,38138
BFFLQRQYSO_r__UZPMAGGISX_r,222,3,False,2,220,False,0.051396505482011766,5,15251,16027,15257.990990990991,220,2324.0,12927.0,False,776.0,0.009009009009009009,776
AIYSOORJDW_r__QVAQRRBQVP_r,222,3,False,2,221,True,0.028830728559561508,5,25629,27290,25636.481981981982,221,755.0,24874.0,False,1661.0,0.0045045045045045045,1661
AIYSOORJDW_f__EMGFPLARXL_f,222,3,False,2,218,False,0.09022197136551838,5,8358,9135,8372.0,218,756.0,7602.0,False,777.0,0.018018018018018018,777
AHYRAMUUTM_r__QQXNMUYDNS_r,222,5,False,3,218,False,0.10035413613342482,11,15585,16909,15601.463963963964,218,542.0,14539.0,False,913.75,0.018018018018018018,2101
AHYRAMUUTM_f__OWNWVIRSZP_f,222,3,False,2,220,False,0.051396505482011766,5,7333,15595,7407.4324324324325,220,541.0,6792.0,False,8262.0,0.009009009009009009,8262
AGVTAJTYER_r__OZLYYMOKWU_f,222,3,False,3,220,False,0.057641074676245505,8,1792,2552,1798.8468468468468,220,771.0,1021.0,False,760.0,0.009009009009009009,760
AGVTAJTYER_f__JYWYLUXXVS_f,222,3,False,2,221,True,0.028830728559561508,5,18330,19106,18333.495495495496,221,823.0,17507.0,False,776.0,0.0045045045045045045,776
AFFODHUCNW_r__VRDEBAMMSO_r,222,13,True,6,165,False,0.675956792138271,56,10914,60654,22572.53153153153,0,4888.0,3538.0,False,14146.531531531531,1.0,65446
AFFODHUCNW_f__KDNDVPYXTO_f,222,3,False,2,221,True,0.028830728559561508,5,13269,14046,13272.5,221,4880.0,8389.0,False,777.0,0.0045045045045045045,777
AEJQYPEVQR_r__OCLLBLOTSW_r,222,3,False,2,220,False,0.051396505482011766,5,3620,4396,3626.990990990991,220,2494.0,1126.0,False,776.0,0.009009009009009009,776
AEJQYPEVQR_f__SQYOENFQOY_f,222,4,False,3,219,False,0.08018637650771378,11,28675,29451,28685.486486486487,219,2502.0,25883.0,False,776.0,0.013513513513513514,776
ADOVFNSINA_r__CAPUVXKIHV_r,222,5,False,3,220,False,0.057641074676245505,12,8615,21651,20822.27927927928,0,7189.0,649.0,False,12984.279279279279,1.0,13813
ADOVFNSINA_f__ECOWCWQMQJ_f,222,3,False,2,221,True,0.028830728559561508,5,8484,9261,8487.5,221,7190.0,1294.0,False,777.0,0.0045045045045045045,777
ADIVNXMSJF_r__CGRLRHSCCE_f,222,3,False,2,221,True,0.028830728559561508,5,5717,16698,5766.463963963964,221,4282.0,1435.0,False,10981.0,0.0045045045045045045,10981
AQOVQHWFSE_r__CGRLRHSCCE_r,222,4,False,3,203,False,0.32100290009048493,10,5980,6958,6246.918918918919,0,3764.0,1448.0,False,1034.918918918919,1.0,1746
ASAGSWKXIP_f__PIDFVIHRFN_f,222,5,False,3,219,False,0.08018637650771378,11,5609,7644,6859.166666666667,2,574.0,5035.0,False,1261.5318181818182,0.990990990990991,2035
ASAGSWKXIP_r__KLALYXYDKQ_r,222,3,False,2,221,True,0.028830728559561508,5,1098,4163,1111.8063063063064,221,578.0,520.0,False,3065.0,0.0045045045045045045,3065
ASUEFIKAEX_f__HBZGGMQJNE_f,222,3,False,2,221,True,0.028830728559561508,5,10990,11766,10993.495495495496,221,4649.0,6341.0,False,776.0,0.0045045045045045045,776
BFFLQRQYSO_f__QOZGCUDAAI_f,222,3,False,2,221,True,0.028830728559561508,5,13004,15544,13015.441441441442,221,2327.0,10677.0,False,2540.0,0.0045045045045045045,2540
BBYPAMQVNF_r__VZTFXIZVXB_f,222,4,False,3,220,False,0.057641074676245505,10,24057,25555,24793.117117117115,0,19134.0,4161.0,False,1498.117117117117,1.0,2260
BBYPAMQVNF_f__XPWJUXEWXE_f,222,39,False,5,215,False,0.1764055192960314,87,31582,52560,32197.004504504504,215,19152.0,12430.0,False,19504.428571428572,0.03153153153153153,37033
BBOUIKLAYP_r__LFLCYTAXPM_r,222,3,False,2,221,True,0.028830728559561508,5,8692,10030,8698.027027027027,221,4989.0,3703.0,False,1338.0,0.0045045045045045045,1338
BBOUIKLAYP_f__IRXKDZITGA_r,222,3,False,2,221,True,0.028830728559561508,5,11120,11896,11123.495495495496,221,4970.0,6150.0,False,776.0,0.0045045045045045045,776
BAZFWNQRIZ_r__ZKNDLZPYCI_r,222,3,False,2,221,True,0.028830728559561508,5,7378,8154,7381.495495495496,221,5842.0,1536.0,False,776.0,0.0045045045045045045,776
BAZFWNQRIZ_f__WFHRDCDOMG_f,222,4,False,3,220,False,0.057641074676245505,11,7036,7813,7043.0,220,5835.0,714.0,False,777.0,0.009009009009009009,777
BAKCZJDAID_r__DWAEPOSFWS_f,222,3,False,2,221,True,0.028830728559561508,5,21593,23254,21600.481981981982,221,18887.0,2706.0,False,1661.0,0.0045045045045045045,1661
BAKCZJDAID_f__FHHLAHZJOM_f,222,3,False,2,221,True,0.028830728559561508,5,30416,33207,30428.57207207207,221,18893.0,11523.0,False,2791.0,0.0045045045045045045,2791
BAJXPSVBKO_r__KUYFFMDYBH_r,222,1,False,1,222,False,0.0,1,5998,5998,5998.0,222,5998.0,5998.0,True,,0.0,0
BAJXPSVBKO_f__DYNPHLIMVT_f,222,4,False,3,219,False,0.08018637650771378,11,2136,2912,2146.4864864864867,219,868.0,1152.0,False,776.0,0.013513513513513514,776
AYTAKTXJXK_r__IALJRKIFKE_r,222,3,False,2,221,True,0.028830728559561508,5,25955,26732,25958.5,221,13448.0,12507.0,False,777.0,0.0045045045045045045,777
AYTAKTXJXK_f__NSABNEFPLA_f,222,3,False,2,221,True,0.028830728559561508,5,39574,82086,39765.495495495496,221,13456.0,26118.0,False,42512.0,0.0045045045045045045,42512
AWYUJYFNGP_r__NDFRQBCFCG_r,222,3,False,2,221,True,0.028830728559561508,5,17258,18034,17261.495495495496,221,3482.0,13776.0,False,776.0,0.0045045045045045045,776
AWYUJYFNGP_f__GCNKXNFARN_r,222,7,True,11,120,False,1.2816740781514517,39,5577,5959,5806.540540540541,6,3525.0,2052.0,False,235.91666666666666,0.972972972972973,866
AVXTXOCVMG_r__GBIULQMJVJ_f,222,4,True,4,197,False,0.43966798344588787,12,6618,6844,6830.7657657657655,1,1870.0,4748.0,False,213.7285067873303,0.9954954954954955,226
AVXTXOCVMG_f__WOHPWXHUSI_r,222,3,False,2,220,False,0.051396505482011766,5,12010,13442,12022.9009009009,220,1869.0,10141.0,False,1432.0,0.009009009009009009,1432
AVUIDSRMNP_r__WCJONKLHBM_r,222,3,False,2,221,True,0.028830728559561508,5,10808,12244,10814.468468468469,221,8079.0,2729.0,False,1436.0,0.0045045045045045045,1436
AVUIDSRMNP_f__BHKETMHIEF_f,222,3,False,2,221,True,0.028830728559561508,5,31297,69562,31469.364864864863,221,8025.0,23272.0,False,38265.0,0.0045045045045045045,38265
AUJCCFGRKH_r__JFTSMYGWDT_r,222,3,False,2,221,True,0.028830728559561508,5,5376,6152,5379.495495495496,221,4147.0,1229.0,False,776.0,0.0045045045045045045,776
AUJCCFGRKH_f__VTCLZJNIFI_r,222,5,False,3,220,False,0.057641074676245505,12,17319,20742,19956.58108108108,0,4146.0,12396.0,False,3414.5810810810813,1.0,4200
ATPWUNKKID_r__PWDSOBLBPO_f,222,3,False,2,221,True,0.028830728559561508,5,35013,35791,35016.504504504504,221,21007.0,14006.0,False,778.0,0.0045045045045045045,778
YJSEGEHASG_r__YWSGZOAHNX_r,222,3,False,2,221,True,0.028830728559561508,5,85218,87758,85229.44144144144,221,58256.0,26962.0,False,2540.0,0.0045045045045045045,2540
YVEVUPDYEE_f__ZFYFAGFPQE_f,222,3,False,2,220,False,0.051396505482011766,5,23670,66182,24052.99099099099,220,8832.0,14838.0,False,42512.0,0.009009009009009009,42512
ATFHQYFPNW_r__PCDWLGUYCB_r,222,3,False,2,221,True,0.028830728559561508,5,4349,6889,4360.441441441441,221,1597.0,2752.0,False,2540.0,0.0045045045045045045,2540
ATFHQYFPNW_f__GUDQDOMJFJ_f,222,9,False,5,215,False,0.18029311486970412,24,7561,55365,8936.445945945947,215,1604.0,5957.0,False,43621.28571428572,0.03153153153153153,86078
ASUEFIKAEX_r__VWDEPLURXS_r,222,3,False,2,221,True,0.028830728559561508,5,16530,17306,16533.495495495496,221,4648.0,11882.0,False,776.0,0.0045045045045045045,776
CURWDAFDCZ_r__TONPLIFLWF_r,222,3,False,2,221,True,0.028830728559561508,5,13576,16116,13587.441441441442,221,6996.0,6580.0,False,2540.0,0.0045045045045045045,2540
CUSJYRGUQV_f__XXIWNZXZTK_f,222,3,False,2,216,False,0.12425083738963087,5,17246,18023,17267.0,216,7723.0,9523.0,False,777.0,0.02702702702702703,777
CUSJYRGUQV_r__XDZOAXPBLI_f,222,4,False,2,221,True,0.028830728559561508,6,13037,13196,13195.283783783783,0,7723.0,4546.0,False,926.2837837837837,1.0,1695
ETMEUQAZWU_r__VDZGHZRSLB_r,222,3,False,2,221,True,0.028830728559561508,5,10707,11484,10710.5,221,5866.0,4841.0,False,777.0,0.0045045045045045045,777
FHAPZVUFCF_r__HTGOZRIQGS_r,222,4,False,2,221,True,0.028830728559561508,6,11509,12131,11511.801801801801,0,4900.0,6463.0,False,148.80180180180182,1.0,914
FCVPWBBMLL_r__KKOJCLVXES_r,222,3,False,2,221,True,0.028830728559561508,5,33057,37194,33075.63513513513,221,14360.0,18697.0,False,4137.0,0.0045045045045045045,4137
FCVPWBBMLL_f__IALJRKIFKE_f,222,3,False,2,221,True,0.028830728559561508,5,26864,27641,26867.5,221,14356.0,12508.0,False,777.0,0.0045045045045045045,777
FBCCKBAUMR_r__QNVVEFTBVQ_r,222,3,False,2,221,True,0.028830728559561508,5,2922,3699,2925.5,221,1227.0,1695.0,False,777.0,0.0045045045045045045,777
FBCCKBAUMR_f__LNBURBEGYE_r,222,3,False,2,221,True,0.028830728559561508,5,4154,5353,4159.4009009009005,221,1228.0,2926.0,False,1199.0,0.0045045045045045045,1199
EYYBBUUUVB_f__UIRDNIZHWO_f,222,3,False,2,221,True,0.028830728559561508,5,4445,5221,4448.495495495496,221,1202.0,3243.0,False,776.0,0.0045045045045045045,776
EXDQYDEING_r__GHZIAJAUFO_f,222,3,False,2,221,True,0.028830728559561508,5,14967,15743,14970.495495495496,221,2233.0,12734.0,False,776.0,0.0045045045045045045,776
EXDQYDEING_f__OPCCUBTDFQ_f,222,23,True,16,202,False,0.524206067951506,286,40049,72065,50938.64414414414,0,2260.0,24129.0,False,24150.644144144146,1.0,32879
UPOMFHGEIC_r__ZVPGGEJIIF_r,222,3,False,2,221,True,0.028830728559561508,5,11193,11970,11196.5,221,975.0,10218.0,False,777.0,0.0045045045045045045,777
UXPSNWWHML_f__YHLTNASHXN_f,222,3,False,2,221,True,0.028830728559561508,5,12165,161618,12838.211711711712,221,6195.0,5970.0,False,149453.0,0.0045045045045045045,149453
EWEQPJREYX_f__PTQCXBETCD_r,222,3,False,2,221,True,0.028830728559561508,5,8555,9893,8561.027027027027,221,6400.0,2155.0,False,1338.0,0.0045045045045045045,1338
UZIELDGMRQ_r__YUMHUOWTXQ_r,222,3,False,2,221,True,0.028830728559561508,5,8636,9413,8639.5,221,524.0,8112.0,False,777.0,0.0045045045045045045,777
VCAVVOUNDI_f__XIWJABIXEM_f,222,3,False,2,170,False,0.5443422122111141,5,5907,6091,6047.9009009009005,52,4720.0,1187.0,False,184.0,0.7657657657657657,184
ETMEUQAZWU_f__QSPABZAPOJ_f,222,19,True,11,187,False,0.6503539154519987,138,17060,50873,19639.711711711712,187,5872.0,11188.0,False,16362.742857142857,0.15765765765765766,35819
CWCCKOQCWZ_r__SEDXXNCRYL_f,222,3,False,2,221,True,0.028830728559561508,5,15362,16139,15365.5,221,2991.0,12371.0,False,777.0,0.0045045045045045045,777
VGGCNZRXUG_r__VKGJGCHOXW_r,222,3,False,2,221,True,0.028830728559561508,5,13752,14291,14288.572072072073,1,10267.0,3485.0,False,539.0,0.9954954954954955,539
VGYXZAWOLD_f__ZPIAIJAZDD_r,222,3,False,2,221,True,0.028830728559561508,5,29802,68150,29974.73873873874,221,24345.0,5457.0,False,38348.0,0.0045045045045045045,38348
VOCDMCENAJ_f__ZGDFXVNQXV_f,222,3,False,2,221,True,0.028830728559561508,5,7010,10065,7023.761261261261,221,645.0,6365.0,False,3055.0,0.0045045045045045045,3055
EQDOECTTHL_r__JMOMDSHCBS_r,222,3,False,2,220,False,0.051396505482011766,5,3493,4269,3499.990990990991,220,704.0,2789.0,False,776.0,0.009009009009009009,776
EQDOECTTHL_f__FSKJDTCZAX_r,222,117,True,15,207,False,0.42403285679547176,544,5580,47845,8174.585585585585,207,687.0,4893.0,False,38399.86666666667,0.06756756756756757,121034
EODAIXMTFC_r__XWBZCZLFKX_f,222,3,False,2,220,False,0.051396505482011766,5,8685,9462,8692.0,220,6344.0,2341.0,False,777.0,0.009009009009009009,777
EOBHADSLFU_r__YEWBDLFUDB_r,222,3,False,2,221,True,0.028830728559561508,5,13406,51492,13577.558558558558,221,690.0,12716.0,False,38086.0,0.0045045045045045045,38086
VQTSEJSIBI_r__XKCACMGLJG_r,222,1,False,1,222,False,0.0,1,28558,28558,28558.0,222,28558.0,28558.0,True,,0.0,0
ENLVAKOFWR_r__YYFLULYKQO_r,222,3,True,2,221,True,0.028830728559561508,7,6516,7183,6519.004504504504,0,1615.0,4234.0,False,670.0045045045046,1.0,667
ENLVAKOFWR_f__IHERCMJOSU_f,222,3,False,2,221,True,0.028830728559561508,5,15032,16285,15037.644144144144,221,1616.0,13416.0,False,1253.0,0.0045045045045045045,1253
EMMZDONZAL_r__HZDABMLPJE_r,222,3,False,2,221,True,0.028830728559561508,5,4772,5549,4775.5,221,3953.0,819.0,False,777.0,0.0045045045045045045,777
EMMZDONZAL_f__IOAGCZFIPS_r,222,3,False,2,221,True,0.028830728559561508,5,12140,13586,12146.513513513513,221,3949.0,8191.0,False,1446.0,0.0045045045045045045,1446
EMGFPLARXL_f__GUDQDOMJFJ_r,222,3,False,2,221,True,0.028830728559561508,5,13545,28478,13612.265765765766,221,7603.0,5942.0,False,14933.0,0.0045045045045045045,14933
FHCOVEKCDA_f__OOKLAQXFLW_r,222,8,False,7,168,False,0.6660776379661166,23,10915,13561,11033.9009009009,49,3511.0,7404.0,False,152.57803468208093,0.7792792792792793,7224
FHCOVEKCDA_r__PUGROJSRNQ_f,222,4,False,3,191,False,0.42420825481475255,8,7560,8813,7580.914414414415,191,,4051.0,False,149.7741935483871,0.13963963963963963,1366
FHHLAHZJOM_f__JDTWTXSWTH_f,222,4,False,3,217,False,0.11897061086885923,11,19155,19932,19172.5,217,11520.0,7207.0,False,777.0,0.02252252252252252,777
FQGXEWGAMU_r__MFOVCGIAED_r,222,3,False,2,220,False,0.051396505482011766,5,6443,7220,6450.0,220,2651.0,3792.0,False,777.0,0.009009009009009009,777
ULVIPOHWTC_f__YEWBDLFUDB_f,222,3,False,2,221,True,0.028830728559561508,5,14766,15543,14769.5,221,2057.0,12709.0,False,777.0,0.0045045045045045045,777
UNPTZNKWVD_f__VDZGHZRSLB_f,222,3,False,2,221,True,0.028830728559561508,5,15205,15376,15375.22972972973,1,10363.0,4842.0,False,171.0,0.9954954954954955,171
GPKQYOCEJI_r__NKVSUZGURN_f,222,92,True,53,69,False,2.688294053271723,3518,9994,61714,57322.6036036036,0,1437.0,7901.0,False,47820.6036036036,1.0,94894
GPKQYOCEJI_f__NFBBASIHND_f,222,3,False,2,221,True,0.028830728559561508,5,2411,3664,2416.6441441441443,221,1439.0,972.0,False,1253.0,0.0045045045045045045,1253
GPBEDJEWVF_r__QSECVMMRIA_r,222,3,False,2,221,True,0.028830728559561508,5,14266,16806,14277.441441441442,221,13066.0,1200.0,False,2540.0,0.0045045045045045045,2540
GPBEDJEWVF_f__JKRDVEYDGL_f,222,3,False,2,221,True,0.028830728559561508,5,20347,21175,20350.72972972973,221,13059.0,7288.0,False,828.0,0.0045045045045045045,828
GOSFXHIPVD_r__LPUDKVLVUB_r,222,3,False,2,221,True,0.028830728559561508,5,4814,5591,4817.5,221,668.0,4146.0,False,777.0,0.0045045045045045045,777
GOGOYBIRLF_r__QCVLIGSQQB_r,222,3,False,2,221,True,0.028830728559561508,5,12747,14000,12752.644144144144,221,11399.0,1348.0,False,1253.0,0.0045045045045045045,1253
GOGOYBIRLF_f__UEAYJKMKRY_f,222,3,False,2,221,True,0.028830728559561508,5,15988,18342,18331.396396396398,1,11399.0,4589.0,False,2354.0,0.9954954954954955,2354
GNKAUAIAPT_f__TYURTJYUUV_f,222,3,False,2,221,True,0.028830728559561508,5,21037,21813,21040.495495495496,221,18408.0,2629.0,False,776.0,0.0045045045045045045,776
GMWPNOTMNX_r__HXXODERGHH_r,222,5,False,3,220,False,0.057641074676245505,12,21959,22943,22168.567567567567,1,15135.0,6673.0,False,210.5158371040724,0.9954954954954955,984
GMWPNOTMNX_f__LTVDYXJODN_f,222,3,False,2,221,True,0.028830728559561508,5,16733,18069,16739.018018018018,221,15147.0,1586.0,False,1336.0,0.0045045045045045045,1336
GHZIAJAUFO_f__GZNSNVCHYD_f,222,3,False,2,221,True,0.028830728559561508,5,16649,17425,16652.495495495496,221,12727.0,3922.0,False,776.0,0.0045045045045045045,776
GCNKXNFARN_r__SUBPWPQDFD_f,222,3,False,2,221,True,0.028830728559561508,5,2778,4104,2783.972972972973,221,2009.0,769.0,False,1326.0,0.0045045045045045045,1326
GCKPIDOUOW_r__WBVPCGKUTV_r,222,4,False,3,218,False,0.10035413613342482,10,8868,9636,8879.82882882883,0,4550.0,3872.0,False,457.8288288288288,1.0,1214
GBIULQMJVJ_f__WBEPREVZIH_r,222,4,False,3,220,False,0.057641074676245505,8,7912,8688,7915.963963963964,220,,3231.0,False,440.0,0.009009009009009009,880
GAKJONQISG_r__UJBGATQZSS_r,222,4,False,2,221,True,0.028830728559561508,6,2354,8344,2380.981981981982,0,968.0,1225.0,False,187.981981981982,1.0,6312
GAKJONQISG_f__JKXDSPORHF_f,222,3,False,2,221,True,0.028830728559561508,5,2942,3719,2945.5,221,1013.0,1929.0,False,777.0,0.0045045045045045045,777
FZZJSRRGUR_r__WNLYKTZGKW_r,222,4,False,2,221,True,0.028830728559561508,6,1903,3124,1908.5,0,1192.0,552.0,False,164.5,1.0,1539
FZJAIKRIBR_r__SUTPFZJSZW_r,222,8,False,6,214,False,0.21133616431355917,35,10044,11484,10079.914414414414,214,1053.0,8087.0,False,996.625,0.036036036036036036,3461
FZJAIKRIBR_f__RTTKAJVARC_f,222,4,False,3,219,False,0.08018637650771378,11,8937,9705,8947.378378378378,219,1062.0,7762.0,False,768.0,0.013513513513513514,768
FVXKWWUWLU_r__TEQWAIXLNE_r,222,4,False,3,220,False,0.057641074676245505,8,1726,2792,1734.3018018018017,220,1029.0,697.0,False,921.5,0.009009009009009009,1843
FVXKWWUWLU_f__NWCEHPYUOF_r,222,4,False,3,220,False,0.057641074676245505,11,2341,3118,2348.0,220,945.0,1210.0,False,777.0,0.009009009009009009,777
FVXBUHYICJ_r__HEDBBNUKLU_r,222,3,False,2,221,True,0.028830728559561508,5,2904,3681,2907.5,221,851.0,2053.0,False,777.0,0.0045045045045045045,777
FUGUSMYVVA_r__HLZGFRDRSW_r,222,1,False,1,222,False,0.0,1,42312,42312,42312.0,222,42312.0,42312.0,True,,0.0,0
FUGUSMYVVA_f__LLBCNVRABS_f,222,1,False,1,222,False,0.0,1,26864,26864,26864.0,222,26864.0,26864.0,True,,0.0,0
FSKJDTCZAX_r__YWYSIZWCPS_f,222,3,False,2,221,True,0.028830728559561508,5,6039,9094,6052.761261261261,221,4882.0,1157.0,False,3055.0,0.0045045045045045045,3055
VRDEBAMMSO_r__WXCHSHHCDT_r,222,3,False,2,168,False,0.5547896023487735,5,5181,6618,6268.459459459459,54,3614.0,1567.0,False,1437.0,0.7567567567567568,1437
VRVWQAMLYI_r__ZZSDXSBTYG_r,222,3,False,2,221,True,0.028830728559561508,5,14149,14926,14152.5,221,1237.0,12912.0,False,777.0,0.0045045045045045045,777
VSATFZMIKW_f__ZBZDOJCZKQ_r,222,4,False,3,220,False,0.057641074676245505,11,7697,8474,7704.0,220,2265.0,4983.0,False,777.0,0.009009009009009009,777
DCUQYOMUNY_f__EODAIXMTFC_r,222,3,False,2,221,True,0.028830728559561508,5,5102,42390,5269.963963963964,221,640.0,4462.0,False,37288.0,0.0045045045045045045,37288
DLWOUQGNEY_r__HNIWKGNLBM_r,222,3,False,2,221,True,0.028830728559561508,5,11071,11847,11074.495495495496,221,1736.0,9335.0,False,776.0,0.0045045045045045045,776
DLWOUQGNEY_f__MFOVCGIAED_f,222,3,False,2,221,True,0.028830728559561508,5,5528,12319,5558.59009009009,221,1737.0,3791.0,False,6791.0,0.0045045045045045045,6791
DKZMPZSQCN_r__KRWMLFOZYV_r,222,3,False,2,221,True,0.028830728559561508,5,10520,11773,10525.644144144144,221,4103.0,6417.0,False,1253.0,0.0045045045045045045,1253
DKZMPZSQCN_f__IDAZXSKCHH_f,222,6,False,5,218,False,0.11520024814245333,24,5649,6899,5669.391891891892,218,4146.0,917.0,False,1131.75,0.018018018018018018,2027
DKYALGPKAD_f__XKJZBXCDPZ_r,222,11,True,5,149,False,0.7045572623707996,39,12287,14125,12519.40990990991,0,1227.0,5723.0,False,1678.4099099099099,1.0,3953
DGMGBEYIHM_r__GXPNFHPAJW_f,222,11,False,8,214,False,0.22382530270202666,68,12395,26259,24574.824324324323,0,6565.0,1011.0,False,16998.824324324323,1.0,19451
DGMGBEYIHM_f__JVDYVQZUBR_f,222,3,False,2,221,True,0.028830728559561508,5,10012,10934,10016.153153153153,221,6569.0,3443.0,False,922.0,0.0045045045045045045,922
DFKRGGPXPB_r__TORJAESOXF_r,222,21,True,4,219,False,0.08643094570194752,57,5107,43018,5605.860360360361,219,3438.0,1669.0,False,36915.666666666664,0.013513513513513514,39930
DFKRGGPXPB_f__LRPZIYPPND_r,222,3,False,2,221,True,0.028830728559561508,5,5358,6134,5361.495495495496,221,3437.0,1921.0,False,776.0,0.0045045045045045045,776
DDVKABGVWS_r__IXLMXEMXWI_r,222,3,False,2,221,True,0.028830728559561508,5,12090,50586,12263.405405405405,221,4872.0,7218.0,False,38496.0,0.0045045045045045045,38496
DDVKABGVWS_f__HTGOZRIQGS_f,222,3,False,2,221,True,0.028830728559561508,5,11335,12111,11338.495495495496,221,4873.0,6462.0,False,776.0,0.0045045045045045045,776
DCXMFWGYAY_r__SVIVJSLGHF_f,222,3,False,2,221,True,0.028830728559561508,5,36616,37815,36621.4009009009,221,4052.0,32564.0,False,1199.0,0.0045045045045045045,1199
DCUQYOMUNY_r__GRXLFRUXHG_r,222,3,False,2,221,True,0.028830728559561508,5,2294,3071,2297.5,221,639.0,1655.0,False,777.0,0.0045045045045045045,777
DCRZLNKVGV_r__WOABSWWVRB_r,222,5,False,3,169,False,0.5719676693126685,10,8793,9570,8803.527027027027,0,7951.0,600.0,False,252.52702702702703,1.0,1291
VZOKOXMBEZ_f__ZEWJRLKRRP_r,222,5,False,3,213,False,0.1838000682256748,11,3633,5068,3690.608108108108,213,1252.0,2051.0,False,1421.0,0.04054054054054054,2744
DAUXXHIOJT_r__DKYALGPKAD_f,222,17,True,7,146,False,0.7793101382957384,76,19227,35851,19939.671171171172,0,5855.0,1177.0,False,12907.67117117117,1.0,22240
DAUXXHIOJT_f__LELSLSXUJD_f,222,3,False,2,150,False,0.6300861445587914,5,16127,16269,16222.945945945947,72,5856.0,10271.0,False,142.0,0.6756756756756757,142
CYXDVNMRLW_r__IWNOJXIDQP_r,222,3,False,2,221,True,0.028830728559561508,5,12533,13309,12536.495495495496,221,7381.0,5152.0,False,776.0,0.0045045045045045045,776
CYXDVNMRLW_f__GAIVNEGFHR_f,222,4,False,3,219,False,0.08018637650771378,11,11151,11919,11161.378378378378,219,7389.0,3595.0,False,768.0,0.013513513513513514,768
CYKWAFZRJS_r__MXGPCKRKDO_r,222,3,False,2,221,True,0.028830728559561508,5,25728,26505,25731.5,221,3781.0,21947.0,False,777.0,0.0045045045045045045,777
CYKWAFZRJS_f__IAAEMJLVAI_f,222,12,False,8,214,False,0.22382530270202666,58,8916,11267,9634.995495495496,0,3791.0,1947.0,False,3896.9954954954956,1.0,11872
WHVMROPOZM_r__YKNSROAGSI_r,222,3,False,2,221,True,0.028830728559561508,5,23272,24049,23275.5,221,10369.0,12903.0,False,777.0,0.0045045045045045045,777
WOABSWWVRB_r__YNFGSNJILT_r,222,4,False,3,200,False,0.34142312735967034,9,11598,14963,11691.198198198199,200,600.0,10998.0,False,940.4545454545455,0.0990990990990991,3365
CYGJWOEQKN_f__SKPHAXSFLS_f,222,3,False,2,201,False,0.31304108587198165,5,3771,4548,3844.5,201,615.0,3156.0,False,777.0,0.0945945945945946,777
CXKKDGMPSE_r__QGDRSQCGSH_r,222,3,False,2,221,True,0.028830728559561508,5,15580,16357,15583.5,221,13599.0,1981.0,False,777.0,0.0045045045045045045,777
CXKKDGMPSE_f__KBLPANZOCZ_f,222,119,True,23,163,False,1.1532830132074026,433,19937,66664,29434.42792792793,0,13613.0,6172.0,False,9649.427927927927,1.0,229183
CWZOVUXMRN_r__EVCCMUBHOL_r,222,3,False,2,221,True,0.028830728559561508,5,15326,15497,15496.22972972973,1,3917.0,11409.0,False,171.0,0.9954954954954955,171
CWZOVUXMRN_f__MVMOFPVELT_f,222,5,True,4,159,False,0.7430093978669124,24,17453,18573,17972.783783783783,0,3927.0,13406.0,False,639.7837837837837,1.0,448
DNDTBYGQOW_f__JSJIXCXPII_f,222,3,False,2,221,True,0.028830728559561508,5,3070,3847,3073.5,221,735.0,2335.0,False,777.0,0.0045045045045045045,777
DNDTBYGQOW_r__MQBRJIVJKG_r,222,4,False,3,219,False,0.08018637650771378,11,19918,20695,19928.5,219,737.0,19028.0,False,777.0,0.013513513513513514,777
DPJBZMTOEF_f__WCJONKLHBM_f,222,3,False,2,221,True,0.028830728559561508,5,28163,28940,28166.5,221,25396.0,2767.0,False,777.0,0.0045045045045045045,777
DPJBZMTOEF_r__LOWYZIKPDZ_r,222,3,False,2,221,True,0.028830728559561508,5,26721,27497,26724.495495495496,221,25397.0,1324.0,False,776.0,0.0045045045045045045,776
EJPOGALASQ_r__QRYVQHRCDP_r,222,3,False,3,220,False,0.057641074676245505,8,12243,13001,12249.82882882883,220,9898.0,2345.0,False,758.0,0.009009009009009009,758
EJPOGALASQ_f__KUIFCLFQSI_r,222,141,True,65,128,False,2.2850067412631616,3601,52321,184517,108515.81531531531,0,9850.0,2757.0,False,95908.81531531531,1.0,397473
EJEMQMIILW_r__XIWJABIXEM_r,222,3,False,2,221,True,0.028830728559561508,5,3048,3825,3051.5,221,1879.0,1169.0,False,777.0,0.0045045045045045045,777
EJEMQMIILW_f__LWQLAUQSCU_f,222,6,False,3,169,False,0.5719676693126685,12,9721,19701,12062.157657657657,0,1879.0,7259.0,False,2924.1576576576576,1.0,11923
EGYHVCAWLL_r__HZDABMLPJE_f,222,3,False,2,221,True,0.028830728559561508,5,18460,19237,18463.5,221,17651.0,809.0,False,777.0,0.0045045045045045045,777
EGYHVCAWLL_f__NHKCAMVGSA_f,222,6,False,4,219,False,0.08643094570194752,19,36796,39804,36816.54954954955,219,17636.0,18724.0,False,1520.6666666666667,0.013513513513513514,3785
ECUNSSDDUZ_r__JFHWUQKCYR_r,222,4,True,4,97,False,1.208841087058095,12,39526,39746,39655.81981981982,57,29630.0,9896.0,False,174.66666666666666,0.7432432432432432,220
ECUNSSDDUZ_f__XWQYUUGDGN_f,222,3,False,2,221,True,0.028830728559561508,5,31778,66919,31936.292792792792,221,29718.0,2060.0,False,35141.0,0.0045045045045045045,35141
ECOWCWQMQJ_f__ZEJJQGEZHP_f,222,5,False,3,220,False,0.057641074676245505,11,2947,3723,2953.981981981982,220,1288.0,1382.0,False,775.0,0.009009009009009009,1550
EBYIKMBRVE_r__PUSHEQNFCL_r,222,3,False,2,221,True,0.028830728559561508,5,2435,2799,2797.3603603603606,1,1856.0,579.0,False,364.0,0.9954954954954955,364
EBYIKMBRVE_f__VSCDQDGRHO_f,222,3,False,2,216,False,0.12425083738963087,5,2930,3314,3303.6216216216217,6,1857.0,1073.0,False,384.0,0.972972972972973,384
DZZSXIRRFM_r__FVXBUHYICJ_r,222,3,False,2,221,True,0.028830728559561508,5,3443,3708,3706.8063063063064,1,2581.0,862.0,False,265.0,0.9954954954954955,265
DYNPHLIMVT_f__HCFXQUVBMJ_f,222,3,False,2,221,True,0.028830728559561508,5,3428,5968,3439.4414414414414,221,1153.0,2275.0,False,2540.0,0.0045045045045045045,2540
DWAEPOSFWS_f__SPDPCYMYDN_f,222,3,False,2,221,True,0.028830728559561508,5,7281,8721,7287.486486486487,221,2705.0,4576.0,False,1440.0,0.0045045045045045045,1440
DVVYKKYAWE_f__IAOFBOJKOX_f,222,3,False,2,221,True,0.028830728559561508,5,10799,11576,10802.5,221,5286.0,5513.0,False,777.0,0.0045045045045045045,777
DUDBSWXWSY_r__WGWTVRNGKK_f,222,11,False,7,170,False,0.7810183689314992,50,27739,79502,41709.842342342345,0,501.0,26166.0,False,15042.842342342343,1.0,57852
DUDBSWXWSY_f__VJEJDHVKTM_r,222,1,False,1,222,False,0.0,1,6927,6927,6927.0,222,6927.0,6927.0,True,,0.0,0
DTVZLGOMLA_r__WJBYSSJHSE_r,222,3,False,2,221,True,0.028830728559561508,5,17614,19052,17620.477477477478,221,15933.0,1681.0,False,1438.0,0.0045045045045045045,1438
DTNHTXEXWJ_r__QZJVOAHOBS_r,222,72,True,10,191,False,0.5833450184878743,224,8054,134145,21623.234234234234,0,6429.0,759.0,False,14435.234234234234,1.0,249436
DTNHTXEXWJ_f__YKNSROAGSI_f,222,3,False,2,221,True,0.028830728559561508,5,19332,20109,19335.5,221,6421.0,12911.0,False,777.0,0.0045045045045045045,777
DSTCDJCESN_r__VGGCNZRXUG_r,222,3,False,2,221,True,0.028830728559561508,5,14494,15832,14500.027027027027,221,4217.0,10277.0,False,1338.0,0.0045045045045045045,1338
DSTCDJCESN_f__SBTAELODZT_f,222,3,False,2,221,True,0.028830728559561508,5,7517,8293,7520.495495495496,221,4218.0,3299.0,False,776.0,0.0045045045045045045,776
VZOKOXMBEZ_r__YUOECYBHUS_f,222,1,False,1,222,False,0.0,1,11585,11585,11585.0,222,11585.0,11585.0,True,,0.0,0
VZTFXIZVXB_f__YOCIMVGHSL_f,222,146,True,29,182,False,1.0454104549054533,1521,6154,79060,17197.108108108107,0,4162.0,792.0,False,12243.108108108108,1.0,268375
DSLXSJZSTL_f__GJOUKDYRJE_f,222,3,False,2,221,True,0.028830728559561508,5,9098,31595,9199.337837837838,221,496.0,8602.0,False,22497.0,0.0045045045045045045,22497
DRPPNPOGXL_r__WZDCCWPRYS_r,222,3,False,2,221,True,0.028830728559561508,5,10420,10579,10578.283783783783,1,1310.0,9110.0,False,159.0,0.9954954954954955,159
QWMTKCOYQH_f__TYNDBFDKGO_r,222,3,False,2,221,True,0.028830728559561508,5,4655,5432,4658.5,221,666.0,3989.0,False,777.0,0.0045045045045045045,777
TYURTJYUUV_f__XRXZJDDTTM_f,221,1,False,1,221,False,0.0,1,25232,25232,25232.0,221,25232.0,25232.0,True,,0.0,0
XFUKGTZLAV_f__YBWQKVQGZE_f,221,40,True,37,122,False,1.9376976662934862,1231,24829,54669,48851.60180995475,22,12384.0,12445.0,False,26678.366834170854,0.9004524886877828,38025
ZPIAIJAZDD_r__ZUHGCANVTN_f,221,1,False,1,221,False,0.0,1,22505,22505,22505.0,221,22505.0,22505.0,True,,0.0,0
QJRASUKHLX_r__UHYGUNDBFL_f,221,84,False,11,196,False,0.5704269973091222,305,2899,50898,7378.018099547511,196,1521.0,1378.0,False,39594.52,0.11312217194570136,157135
IRXHOEIDDO_f__RVLRLPDSYQ_f,221,36,True,11,204,False,0.4315301244430248,187,60093,109987,70599.80542986425,0,5846.0,5181.0,False,59572.80542986425,1.0,186799
ATPWUNKKID_f__KKPYPKGMXA_f,221,98,True,33,186,False,0.9812044915900828,1044,28040,69479,33257.66063348416,186,21055.0,6985.0,False,32945.8,0.1583710407239819,132147
BLEICFLMSM_f__EQHTXGCHGZ_f,221,1,False,1,221,False,0.0,1,4194,4194,4194.0,221,4194.0,4194.0,True,,0.0,0
BLEICFLMSM_r__NEECSYVOPQ_r,221,3,False,2,220,True,0.02894070967377299,5,4914,6168,4919.6742081447965,220,3576.0,1338.0,False,1254.0,0.004524886877828055,1254
BWEZXGGFBK_r__MVMOFPVELT_r,221,29,False,9,209,False,0.31845100808386323,112,20946,57115,22336.339366515836,209,7319.0,13385.0,False,25605.416666666668,0.05429864253393665,56956
ELYKQDZNBM_f__KGJXRPELGX_r,221,5,False,3,218,False,0.08048750672525823,11,3102,5642,3120.5158371040725,218,826.0,2035.0,False,1364.0,0.013574660633484163,3316
ELYKQDZNBM_r__NHYWGMABYN_f,221,1,False,1,221,False,0.0,1,10891,10891,10891.0,221,10891.0,10891.0,True,,0.0,0
EQHTXGCHGZ_f__YKRBMZRPTW_f,221,6,False,4,218,False,0.08676033188869664,16,1093,35067,1810.3212669683257,1,623.0,470.0,False,720.5818181818182,0.995475113122172,36983
EVCCMUBHOL_r__WNLYKTZGKW_f,221,12,True,9,157,False,0.8371895352190553,75,12718,35724,34316.06787330317,0,11399.0,551.0,False,22366.067873303167,1.0,24653
QBGLNTNIEN_f__WDPQHEJPPO_f,221,1,False,1,221,False,0.0,1,14038,14038,14038.0,221,14038.0,14038.0,True,,0.0,0
ADIVNXMSJF_f__SKCSCYCISB_f,221,1,False,1,221,False,0.0,1,8823,8823,8823.0,221,8823.0,8823.0,True,,0.0,0
HOIZZDAEJL_r__KSXZRIJFEH_r,221,4,False,2,220,True,0.02894070967377299,6,16397,16488,16487.58823529412,0,7267.0,8942.0,False,278.5882352941176,1.0,467
LATJWEMOFA_r__RYJVCTXEHC_r,221,1,False,1,221,False,0.0,1,12959,12959,12959.0,221,12959.0,12959.0,True,,0.0,0
KYQOKYBCOW_r__XXIWNZXZTK_r,220,80,True,41,72,False,2.3485912541170912,2207,42558,125158,79234.46363636364,0,13793.0,16094.0,False,44858.46363636364,1.0,122764
GPXHVRRZLC_f__ZLAJFQLBFQ_r,220,47,True,9,184,False,0.6257147253717429,208,5328,58184,13492.977272727272,184,4664.0,664.0,False,49897.083333333336,0.16363636363636364,112039
IFRPFFEGON_r__TCWDRAKLPS_r,220,90,True,58,46,False,3.028416599628611,3778,15781,91445,54548.62727272727,0,3271.0,2079.0,False,48615.62727272727,1.0,140350
HEVMPTBCLE_r__XISLAJEPQB_f,220,1,False,1,220,False,0.0,1,22237,22237,22237.0,220,22237.0,22237.0,True,,0.0,0
IHKFSQQUKE_r__KPBYGJHRZJ_f,220,214,True,83,49,False,3.5501428982532044,6146,80993,198476,133841.20909090908,0,710.0,7265.0,False,116658.20909090909,1.0,430389
HEVMPTBCLE_f__UIKHOVSIJN_f,220,3,False,2,219,True,0.029051597125935694,5,18283,19060,18286.53181818182,219,1330.0,16953.0,False,777.0,0.004545454545454545,777
BKGMWIBGXJ_r__WGWTVRNGKK_r,220,6,True,4,217,False,0.08709242945109011,20,34195,34685,34439.586363636365,0,2686.0,27988.0,False,523.5863636363637,1.0,712
SKPHAXSFLS_f__TORJAESOXF_f,220,39,True,6,213,False,0.19031927354169187,113,8240,56716,9111.459090909091,0,3209.0,1663.0,False,3954.4590909090907,1.0,77440
EWEQPJREYX_r__WDXIDBBCPP_r,220,6,False,4,127,False,0.7849933150730548,18,10898,14421,11679.227272727272,0,6402.0,4328.0,False,949.2272727272727,1.0,3691
DSLXSJZSTL_r__QQSILILDBT_r,220,11,False,6,211,False,0.22920237376577293,36,2592,39404,4169.136363636364,1,499.0,1829.0,False,1584.337899543379,0.9954545454545455,56171
CYGJWOEQKN_r__EOBHADSLFU_r,220,3,False,2,212,False,0.15621017106188279,5,1312,2089,1340.2545454545455,212,614.0,698.0,False,777.0,0.03636363636363636,777
XXVMWZCEKI_r__YUOECYBHUS_r,219,323,True,134,28,False,4.403688365671554,18845,31533,266080,150841.0684931507,0,,10084.0,False,128983.06849315068,1.0,670600
JVNRLCFAVD_f__PLTCZQCVRD_r,218,254,True,68,89,False,2.7775434525251512,6502,68292,388178,130260.76146788991,0,4954.0,15653.0,False,109653.76146788991,1.0,485085
RYYAQMEJGY_r__ZTHKZYHPIX_f,216,177,True,109,34,False,3.995602141199354,12845,20375,158159,106061.99537037036,0,,5634.0,False,99149.99537037036,1.0,328441
KGJXRPELGX_r__KIVDDRSTJR_r,215,15,True,16,189,False,0.649418894615905,297,15090,85270,16595.04651162791,0,5158.0,8230.0,False,2274.046511627907,1.0,11216
JVNRLCFAVD_f__ZTHKZYHPIX_f,3,24,True,3,1,False,1.0986122886681096,60,67126,224227,136947.33333333334,0,9202.0,14018.0,False,76794.33333333333,1.0,167416
PLTCZQCVRD_f__RYYAQMEJGY_f,3,48,True,3,1,False,1.0986122886681096,80,101503,262254,170909.66666666666,0,86470.0,2109.0,False,82330.66666666667,1.0,179773
CYGJWOEQKN_r__TORJAESOXF_f,2,1,False,1,2,False,0.0,1,3886,3886,3886.0,2,3886.0,3886.0,True,,0.0,0
RYYAQMEJGY_r__XXVMWZCEKI_f,2,1,False,1,2,False,0.0,1,92737,92737,92737.0,2,92737.0,92737.0,True,,0.0,0
DSLXSJZSTL_r__KGJXRPELGX_f,2,7,True,2,1,True,0.6931471805599453,20,17091,20511,18801.0,0,1133.0,6426.0,False,4990.0,1.0,3420
HEVMPTBCLE_f__XISLAJEPQB_f,2,1,False,1,2,False,0.0,1,23006,23006,23006.0,2,23006.0,23006.0,True,,0.0,0
HEVMPTBCLE_r__UIKHOVSIJN_f,2,1,False,1,2,False,0.0,1,19060,19060,19060.0,2,19060.0,19060.0,True,,0.0,0
GPXHVRRZLC_f__KYQOKYBCOW_f,2,8,False,2,1,True,0.6931471805599453,12,65779,105312,85545.5,0,18605.0,29023.0,False,35067.5,1.0,70135
EOBHADSLFU_f__SKPHAXSFLS_r,2,1,False,1,2,False,0.0,1,7230,7230,7230.0,2,7230.0,7230.0,True,,0.0,0
XXIWNZXZTK_f__ZLAJFQLBFQ_r,2,3,False,2,1,True,0.6931471805599453,6,83629,83629,83629.0,2,31644.0,48920.0,False,,0.0,0
YUOECYBHUS_f__ZTHKZYHPIX_f,2,20,True,2,1,True,0.6931471805599453,35,66709,186025,126367.0,0,60231.0,5710.0,False,60426.0,1.0,109823
KIVDDRSTJR_f__QQSILILDBT_r,2,1,False,1,2,False,0.0,1,11507,11507,11507.0,2,11507.0,11507.0,True,,0.0,0
